rosbagTimestamp,linear,x,y,z,angular,x,y,z
1680168927725842400,,0.0,0.0,0.0,,0.008162929831811489,0.13878240030207753,0.3153942302090938
1680168927744386315,,0.0,0.0,0.0,,0.014634107183575445,0.1573680920856227,0.35044334593501425
1680168927762796462,,0.0,0.0,0.0,,0.022715501632169906,0.17708492722874544,0.3887316788748132
1680168927779442026,,0.0,0.0,0.0,,0.030962528168137177,0.19286063649906504,0.4209240679803758
1680168927799082201,,0.0,0.0,0.0,,0.04064859018486151,0.21011817665416008,0.45549677801168786
1680168927818158347,,0.0,0.0,0.0,,0.051121404616606685,0.2275689898184253,0.4933787146958711
1680168927837555334,,0.0,0.0,0.0,,0.060940655322146264,0.241448040933597,0.5258443113682342
1680168927853795119,,0.0,0.0,0.0,,0.07230523632740124,0.25501599827641575,0.5610266157829699
1680168927870569871,,0.0,0.0,0.0,,0.08242629601689075,0.2664538970935426,0.5941171747643891
1680168927890193186,,0.0,0.0,0.0,,0.09485681341949083,0.27832711374855196,0.6334658945728326
1680168927907037947,,0.0,0.0,0.0,,0.10452409241599764,0.28602559071680256,0.6629108400847575
1680168927923426657,,0.0,0.0,0.0,,0.11631598713120152,0.29385320094904877,0.6983287860258587
1680168927940528512,,0.0,0.0,0.0,,0.12574164818581912,0.2991673015667302,0.7313015242440952
1680168927959519070,,0.0,0.0,0.0,,0.13699950748529263,0.3035340336021898,0.7655737059519268
1680168927975374767,,0.0,0.0,0.0,,0.1467359421471458,0.30567775250622176,0.799193604594022
1680168927990840956,,0.0,0.0,0.0,,0.15544229890479644,0.30642202968234156,0.8283055783839088
1680168928007650041,,0.0,0.0,0.0,,0.16459517927943665,0.30553805379335386,0.8636074111091198
1680168928026210354,,0.0,0.0,0.0,,0.1725173449430052,0.30355356367434777,0.8972443852241401
1680168928043476719,,0.0,0.0,0.0,,0.1817214517364205,0.300195778645346,0.931779529215017
1680168928059979680,,0.0,0.0,0.0,,0.1888803437602401,0.29510312556716106,0.964994739148789
1680168928079645055,,0.0,0.0,0.0,,0.1967107287568366,0.28886694941152785,1.0041539212077646
1680168928097852089,,0.0,0.0,0.0,,0.20315159714415862,0.28142257682474286,1.0392406029741201
1680168928115669717,,0.0,0.0,0.0,,0.20778331917507353,0.27346871481455726,1.0725275298941772
1680168928133838220,,0.0,0.0,0.0,,0.211846854844408,0.2646140148858704,1.1074127210800173
1680168928147714462,,0.0,0.0,0.0,,0.21445556022052972,0.2567808551249236,1.1364000439175515
1680168928165674742,,0.0,0.0,0.0,,0.21671891415674271,0.2474896634195906,1.1693130179805504
1680168928180026939,,0.0,0.0,0.0,,0.21742583873583904,0.2384909959098046,1.198450604979825
1680168928196268769,,0.0,0.0,0.0,,0.2173327774083976,0.22948902002713936,1.2273593806419039
1680168928211338225,,0.0,0.0,0.0,,0.2165981051857981,0.21983614846091307,1.2560803261018074
1680168928230580382,,0.0,0.0,0.0,,0.215124918759191,0.20750584274004175,1.2946333288719445
1680168928246110203,,0.0,0.0,0.0,,0.21396293282664255,0.19891367820757727,1.3231015573325575
1680168928263410611,,0.0,0.0,0.0,,0.21160481001569567,0.1875354368239823,1.3580601730519752
1680168928281441060,,0.0,0.0,0.0,,0.20888852916014622,0.17687351152959238,1.390503571609536
1680168928299812686,,0.0,0.0,0.0,,0.20567919402388649,0.16510904429277432,1.4292307442035082
1680168928320296125,,0.0,0.0,0.0,,0.2006841913064915,0.15258984115266985,1.466673841233518
1680168928334930831,,0.0,0.0,0.0,,0.19759523825435327,0.14372254806270082,1.4946895696616178
1680168928355493546,,0.0,0.0,0.0,,0.19263353270916211,0.13228603662774915,1.5318970251652624
1680168928375078453,,0.0,0.0,0.0,,0.18678945210056996,0.12070587777681566,1.5693332920061023
1680168928391736149,,0.0,0.0,0.0,,0.1825124730196726,0.11258222153273174,1.5972124166508017
1680168928408094213,,0.0,0.0,0.0,,0.17716016603132137,0.10194879093378548,1.6307930417051695
1680168928425338947,,0.0,0.0,0.0,,0.17290325063111092,0.09208674482422753,1.662869317594842
1680168928443972285,,0.0,0.0,0.0,,0.16770462289908494,0.08338006790145956,1.6958966973264384
1680168928461749769,,0.0,0.0,0.0,,0.16347630891602394,0.07456549533414655,1.727192624103437
1680168928479490576,,0.0,0.0,0.0,,0.15787043115473598,0.06522894690385646,1.7642976267695312
1680168928497907767,,0.0,0.0,0.0,,0.15366516906012376,0.05765906959107248,1.7977638461553012
1680168928518479308,,0.0,0.0,0.0,,0.1491747465676635,0.05066239456004067,1.835080584685666
1680168928533553372,,0.0,0.0,0.0,,0.14551419205935978,0.045628011533212366,1.8628384734725976
1680168928551767448,,0.0,0.0,0.0,,0.14138534270608707,0.04019897163840427,1.8945766549983545
1680168928572959280,,0.0,0.0,0.0,,0.1369393164432319,0.034834818540711285,1.9378800543362353
1680168928588878057,,0.0,0.0,0.0,,0.13417650492396174,0.03215204830077721,1.9657164902986222
1680168928603289533,,0.0,0.0,0.0,,0.13228368875022195,0.029477922519011438,1.994213747063208
1680168928622531790,,0.0,0.0,0.0,,0.12921736069970935,0.027608264955426228,2.0321247120513637
1680168928640806959,,0.0,0.0,0.0,,0.12713756809744048,0.02765106035944459,2.064004620002398
1680168928660008722,,0.0,0.0,0.0,,0.12469662924280717,0.029273123565616836,2.1017140944100388
1680168928679637099,,0.0,0.0,0.0,,0.12199785074700588,0.0325514009238114,2.13992900281626
1680168928695091051,,0.0,0.0,0.0,,0.12011058410196673,0.036077272639418914,2.168438212411893
1680168928714689383,,0.0,0.0,0.0,,0.1183031452928521,0.04085968571889722,2.2034190262461135
1680168928730004039,,0.0,0.0,0.0,,0.11611705787162489,0.04689906704906943,2.2354935945884935
1680168928747897857,,0.0,0.0,0.0,,0.11430705774157152,0.054093390679208486,2.2687975969814755
1680168928765541816,,0.0,0.0,0.0,,0.11269470621062538,0.061288888248111136,2.3014322408357963
1680168928782410639,,0.0,0.0,0.0,,0.11054106218795574,0.06977550501355777,2.335284365909672
1680168928798815950,,0.0,0.0,0.0,,0.10997970601554531,0.07788795547853462,2.36366721700566
1680168928815765473,,0.0,0.0,0.0,,0.10930522483500656,0.08729611417340406,2.396030360840473
1680168928835199191,,0.0,0.0,0.0,,0.10709736618579993,0.09801043982533265,2.4339122975246563
1680168928853800470,,0.0,0.0,0.0,,0.10681519399571378,0.10790428900321347,2.467709781085172
1680168928874042906,,0.0,0.0,0.0,,0.10462483770625532,0.11906279039460446,2.505654897019178
1680168928891203305,,0.0,0.0,0.0,,0.10296510173794222,0.127317500893388,2.536981559647441
1680168928910119183,,0.0,0.0,0.0,,0.10111924311474628,0.13761699927494409,2.5741138830702157
1680168928925722710,,0.0,0.0,0.0,,0.09949408497910636,0.14477631818558684,2.6012980359668663
1680168928943383079,,0.0,0.0,0.0,,0.09781812731151449,0.15258642605808487,2.633237708073138
1680168928963172392,,0.0,0.0,0.0,,0.09640128994555996,0.15989344780952913,2.669220852168058
1680168928981368586,,0.0,0.0,0.0,,0.09547110355796885,0.16544937981251137,2.700291382702446
1680168928997935585,,0.0,0.0,0.0,,0.09409439355338817,0.1706297581328487,2.7330267718470247
1680168929018523438,,0.0,0.0,0.0,,0.09330123783602043,0.17547364291485712,2.7689689348069244
1680168929034602214,,0.0,0.0,0.0,,0.09142165515379755,0.17846772037055567,2.7959874556162023
1680168929053805358,,0.0,0.0,0.0,,0.09029851592215357,0.18043022581817075,2.8317520336576814
1680168929071648098,,0.0,0.0,0.0,,0.08886631063056652,0.18184087332518994,2.863271649129998
1680168929094891218,,0.0,0.0,0.0,,0.08744520439638075,0.1825445962531128,2.905965454084455
1680168929110780207,,0.0,0.0,0.0,,0.08696410294671797,0.18153234087377576,2.937650701644144
1680168929127102539,,0.0,0.0,0.0,,0.08614576090678583,0.18167748239363854,2.970392920977893
1680168929145981029,,0.0,0.0,0.0,,0.08594341655262419,0.1808216810349771,3.0021994043953497
1680168929162794411,,0.0,0.0,0.0,,0.08601513353890933,0.17951722162521044,3.035581953963787
1680168929179670229,,0.0,0.0,0.0,,0.08655343782287096,0.1776171483754775,3.068428333682378
1680168929195886057,,0.0,0.0,0.0,,0.0869794708723505,0.17669891481893393,3.096799231947319
1680168929215298494,,0.0,0.0,0.0,,0.08765523271335864,0.1750514518467857,3.134865583739092
1680168929233395030,,0.0,0.0,0.0,,0.08838905116231188,0.17349235444702452,3.1696414918982123
1680168929252531522,,0.0,0.0,0.0,,0.09056745462072283,0.17214136437353714,3.2066372115375863
1680168929270440393,,0.0,0.0,0.0,,0.093605181254086,0.1719725306349909,3.2400846479031387
1680168929291770687,,0.0,0.0,0.0,,0.09694727819233787,0.17080360779156667,3.2778777921281117
1680168929309552986,,0.0,0.0,0.0,,0.10064539874107664,0.1703961443188931,3.3150084080035938
1680168929326617290,,0.0,0.0,0.0,,0.10435376457357044,0.17085077878552207,3.3476396367633297
1680168929349988575,,0.0,0.0,0.0,,0.10911269887777682,0.17258628716494,3.387652592468557
1680168929365953272,,0.0,0.0,0.0,,0.11232288778768282,0.17229301591745258,3.4155522076807663
1680168929381312329,,0.0,0.0,0.0,,0.11607138098155044,0.17247903185062965,3.4426800115167646
1680168929398551262,,0.0,0.0,0.0,,0.1212303082390257,0.17384496296292642,3.474959485534245
1680168929413916690,,0.0,0.0,0.0,,0.1254667330717261,0.17423759211849638,3.502005327100203
1680168929433696071,,0.0,0.0,0.0,,0.1324864599912067,0.17488549959429556,3.5373481409604337
1680168929450623723,,0.0,0.0,0.0,,0.13740035421220775,0.17508506918410685,3.5661886147308124
1680168929467604894,,0.0,0.0,0.0,,0.14373620844104085,0.17542700552943064,3.5977816547367065
1680168929484822638,,0.0,0.0,0.0,,0.14971006264386325,0.17492957565878328,3.626688722851493
1680168929502942716,,0.0,0.0,0.0,,0.15593791450644548,0.17496703497751256,3.65726064957647
1680168929523224087,,0.0,0.0,0.0,,0.16389038913445597,0.17434356677233734,3.6921407181204327
1680168929541657630,,0.0,0.0,0.0,,0.169869792865979,0.17346439336010977,3.7211434088835995
1680168929560560072,,0.0,0.0,0.0,,0.17694288063835031,0.17173742271715436,3.7551492132138002
1680168929580679117,,0.0,0.0,0.0,,0.18328172307494528,0.17044299514773117,3.7876148098861635
1680168929593870479,,0.0,0.0,0.0,,0.1886895253503029,0.16936830757051197,3.814397689169076
1680168929607252782,,0.0,0.0,0.0,,0.19385229458918626,0.167395983725965,3.8411839835465735
1680168929624454487,,0.0,0.0,0.0,,0.19947951669163053,0.1651276138695803,3.871726881967578
1680168929642675941,,0.0,0.0,0.0,,0.20342437782413603,0.16289958481798097,3.905102601346845
1680168929663030696,,0.0,0.0,0.0,,0.2081935574120974,0.15994115241201343,3.9427659719775883
1680168929677811474,,0.0,0.0,0.0,,0.21114505290718918,0.1581821652573236,3.9711368702425287
1680168929695245774,,0.0,0.0,0.0,,0.2137716875298822,0.15602724057418457,4.003614419745939
1680168929715075968,,0.0,0.0,0.0,,0.2163581947912014,0.1539575865339649,4.036819384395956
1680168929731424249,,0.0,0.0,0.0,,0.21799658641835823,0.15050951494187206,4.068634405549876
1680168929750583572,,0.0,0.0,0.0,,0.21862795202976126,0.14822876536761673,4.1054235119668565
1680168929770552009,,0.0,0.0,0.0,,0.21812081048388782,0.1461365930474772,4.1423577599037005
1680168929785568999,,0.0,0.0,0.0,,0.21766489535678948,0.14469627690625075,4.170149799636483
1680168929801699480,,0.0,0.0,0.0,,0.21692979624736686,0.1430145562665467,4.197583254437839
1680168929819892683,,0.0,0.0,0.0,,0.21406367811690025,0.1418637761131053,4.233672266464894
1680168929839258776,,0.0,0.0,0.0,,0.21034592077429767,0.14123817347381445,4.269954231336001
1680168929859681926,,0.0,0.0,0.0,,0.205626686944642,0.1393659545892905,4.30511775273052
1680168929875447198,,0.0,0.0,0.0,,0.20199089187207958,0.1392363944384718,4.330940990435045
1680168929894052626,,0.0,0.0,0.0,,0.19623133485446634,0.1391391709645049,4.362197643624316
1680168929911294916,,0.0,0.0,0.0,,0.19088927314987011,0.13919818806780204,4.391533306109521
1680168929925748312,,0.0,0.0,0.0,,0.18591219967904646,0.13917759077858624,4.416868185288391
1680168929942708444,,0.0,0.0,0.0,,0.17888777700451144,0.13993478128110562,4.446980781791685
1680168929963694196,,0.0,0.0,0.0,,0.17138438731442932,0.13998814213399635,4.480202821914626
1680168929979565732,,0.0,0.0,0.0,,0.1645016910651721,0.14081459502356788,4.5090125598337405
1680168929995553151,,0.0,0.0,0.0,,0.15813467409825083,0.14082206554297258,4.533847127655907
1680168930013752904,,0.0,0.0,0.0,,0.15054718770401293,0.14187999781238408,4.563514054315857
1680168930033446406,,0.0,0.0,0.0,,0.142359071549637,0.14284913762258544,4.5973030001399104
1680168930050576342,,0.0,0.0,0.0,,0.13477926911821536,0.14460470968269026,4.626105907869854
1680168930070186803,,0.0,0.0,0.0,,0.12597216707030703,0.1458264597704763,4.660082683896082
1680168930090142996,,0.0,0.0,0.0,,0.11639282675936416,0.1471180058538434,4.695194978871825
1680168930108169851,,0.0,0.0,0.0,,0.0,0.0,0.0
1680168930123715320,,0.0,0.0,0.0,,-0.006863059455393438,0.0015291086004366047,0.026120350933421264
1680168930144168521,,0.0,0.0,0.0,,-0.015774321888144448,0.0023528934473636114,0.06044717415461285
1680168930163075877,,0.0,0.0,0.0,,-0.025077466424524943,0.004620302808396282,0.0959334219874141
1680168930180019752,,0.0,0.0,0.0,,-0.03242418865051991,0.006956120782834861,0.12670000910373652
1680168930195131018,,0.0,0.0,0.0,,-0.038257170201710794,0.008551076675738619,0.1527657185237977
1680168930216037197,,0.0,0.0,0.0,,-0.045684574037276535,0.011166185354207252,0.1887061739364048
1680168930238342494,,0.0,0.0,0.0,,-0.0537377939555447,0.013613207346070102,0.23028495050885742
1680168930255993483,,0.0,0.0,0.0,,-0.05819278484168551,0.01663545933209496,0.2603565658771311
1680168930275693838,,0.0,0.0,0.0,,-0.06749849069900477,0.019184293831273316,0.297809908190896
1680168930297248603,,0.0,0.0,0.0,,-0.07662405031696493,0.019382582760615247,0.33663099588595596
1680168930314484512,,0.0,0.0,0.0,,-0.07576301959472019,0.02023763706733622,0.37818245170172854
1680168930332682882,,0.0,0.0,0.0,,-0.08066410721102746,0.016212521212083077,0.4329844745073258
1680168930350085125,,0.0,0.0,0.0,,-0.08481686222639521,0.012224010901912977,0.4881724030010289
1680168930367923646,,0.0,0.0,0.0,,-0.08570862879990501,0.008894293681531761,0.5531650680482851
1680168930384644434,,0.0,0.0,0.0,,-0.08786952989856779,0.0057984037185177,0.6216889408964381
1680168930403358486,,0.0,0.0,0.0,,-0.09002786967629182,0.000770423994036282,0.6994574747862032
1680168930419477254,,0.0,0.0,0.0,,-0.09191641698180035,-0.003310507313340555,0.7759368104701285
1680168930440998798,,0.0,0.0,0.0,,-0.08988315504325217,-0.00751939794594935,0.8687710341216494
1680168930459372017,,0.0,0.0,0.0,,-0.08814657944677644,-0.011720497894036098,0.9575566631426451
1680168930475547768,,0.0,0.0,0.0,,-0.08642067602087883,-0.015557036495173418,1.0449967448971484
1680168930490023171,,0.0,0.0,0.0,,-0.08479893297982394,-0.016794581395415103,1.1236497882844303
1680168930511319824,,0.0,0.0,0.0,,-0.07967927931007625,-0.019790686563523507,1.2260923805508663
1680168930526016932,,0.0,0.0,0.0,,-0.07526484267213239,-0.021401543990588703,1.3102701932030423
1680168930542509243,,0.0,0.0,0.0,,-0.06870487286115826,-0.02332338846830104,1.4127136392431248
1680168930563974354,,0.0,0.0,0.0,,-0.06072806568422962,-0.023560950985370546,1.5300827561669776
1680168930578147314,,0.0,0.0,0.0,,-0.05538429643234089,-0.02414365149893726,1.6208141353277807
1680168930593624107,,0.0,0.0,0.0,,-0.04758464728700946,-0.023493716310728236,1.712549552296576
1680168930611266761,,0.0,0.0,0.0,,-0.03807531641505921,-0.02248007354921603,1.8185028617963985
1680168930629389922,,0.0,0.0,0.0,,-0.027777525580795607,-0.02329457360774005,1.933342247406408
1680168930646972325,,0.0,0.0,0.0,,-0.018580675863373437,-0.023169709211975753,2.0443652648176727
1680168930664168903,,0.0,0.0,0.0,,-0.006590705662239179,-0.020914893012225294,2.165006896127608
1680168930682641233,,0.0,0.0,0.0,,0.007217375518587849,-0.018728378704174962,2.300945589857433
1680168930700559079,,0.0,0.0,0.0,,0.01884748012782706,-0.01712798000427635,2.4180116171368664
1680168930720926784,,0.0,0.0,0.0,,0.03259408960612397,-0.014674661431772396,2.558695584792558
1680168930737600165,,0.0,0.0,0.0,,0.04507412588020665,-0.011932874088541183,2.6874386742317746
1680168930757581454,,0.0,0.0,0.0,,0.057066230515456534,-0.00979705259073704,2.8115158906942264
1680168930776993963,,0.0,0.0,0.0,,0.07190951224236362,-0.006808631385444898,2.985321153182602
1680168930792776805,,0.0,0.0,0.0,,0.08344868995827703,-0.004511339946793422,3.1007069539262124
1680168930810495718,,0.0,0.0,0.0,,0.09381094070283263,-0.003070170031920732,3.234648671097455
1680168930827540779,,0.0,0.0,0.0,,0.10561777645684592,-0.001627292569755538,3.3798644692674498
1680168930847230464,,0.0,0.0,0.0,,0.11611577721115553,-0.00038163681987446246,3.519842366117691
1680168930864291704,,0.0,0.0,0.0,,0.12901843144013272,0.00045943694338913897,3.669741112737376
1680168930880532686,,0.0,0.0,0.0,,0.1354682644507404,0.0009900572645345045,3.813362915509819
1680168930895952495,,0.0,0.0,0.0,,0.14184552670141667,0.004514434876261084,3.9375178253740795
1680168930915365534,,0.0,0.0,0.0,,0.16156214840112787,0.014186943236351172,4.0966586717144375
1680168930932584864,,0.0,0.0,0.0,,0.1562836928331774,0.02295295742753363,4.23105374269184
1680168930954446380,,0.0,0.0,0.0,,0.17598537349407917,0.037050788039557296,4.367473964758151
1680168930973284688,,0.0,0.0,0.0,,0.1653272901810974,0.04852529240176715,4.492085643523156
1680168930990225839,,0.0,0.0,0.0,,0.18531285057937782,0.06480334074120005,4.579683673402216
1680168931004549404,,0.0,0.0,0.0,,0.18485309347087134,0.07632779086171562,4.647947999061908
1680168931023652980,,0.0,0.0,0.0,,0.18568936475737477,0.09129369582856559,4.714256329298038
1680168931041372406,,0.0,0.0,0.0,,0.1989693869379952,0.10749746586077459,4.765968545277851
1680168931058066282,,0.0,0.0,0.0,,0.19609046220283483,0.1214344668621856,4.812556411832862
1680168931072606351,,0.0,0.0,0.0,,0.19867867701144654,0.1351414825876376,4.845797234976021
1680168931089989925,,0.0,0.0,0.0,,0.20099112293231897,0.1504471894656957,4.875543562585073
1680168931110435892,,0.0,0.0,0.0,,0.19974674784290727,0.16558310210985552,4.900498512491361
1680168931127449921,,0.0,0.0,0.0,,0.1995653209430788,0.18063043573821674,4.912409508630217
1680168931143571634,,0.0,0.0,0.0,,0.1963034787275746,0.19172458394102151,4.9175082448456315
1680168931164292813,,0.0,0.0,0.0,,0.19568449283404218,0.2074550432080898,4.9182783486745505
1680168931180116272,,0.0,0.0,0.0,,0.18805346398384545,0.21762636882100236,4.915748617360707
1680168931197343150,,0.0,0.0,0.0,,0.18365866413976537,0.22970811968910868,4.904909960921543
1680168931216589380,,0.0,0.0,0.0,,0.1769855693206629,0.23954284504198656,4.888949516378516
1680168931234777210,,0.0,0.0,0.0,,0.1641704268904265,0.24828239225013524,4.866304024185339
1680168931254406377,,0.0,0.0,0.0,,0.1584091623255207,0.2557239900725699,4.8381832815987496
1680168931274007624,,0.0,0.0,0.0,,0.1435505126729811,0.2623051975029945,4.802533962999514
1680168931293532331,,0.0,0.0,0.0,,0.13077635137776478,0.2671349950198398,4.759831620308595
1680168931310544919,,0.0,0.0,0.0,,0.1170139470870122,0.26888405705589197,4.7190639287000815
1680168931325566285,,0.0,0.0,0.0,,0.10686599352766575,0.2701885164656586,4.679553845672496
1680168931342684846,,0.0,0.0,0.0,,0.09155100186120466,0.26825888130342423,4.6274847523085505
1680168931364003634,,0.0,0.0,0.0,,0.07526655021942488,0.2625009251113977,4.564671771380174
1680168931381983364,,0.0,0.0,0.0,,0.06420932772682049,0.2572831941940369,4.5073075738621755
1680168931395453684,,0.0,0.0,0.0,,0.04919443749701684,0.24974351912398904,4.4533550558345985
1680168931413602763,,0.0,0.0,0.0,,0.035586993123058935,0.23908191399471648,4.3840662017994045
1680168931434063917,,0.0,0.0,0.0,,0.01937169714662554,0.2242277466538197,4.302912455402252
1680168931447318152,,0.0,0.0,0.0,,0.007333915621301192,0.2118099291342076,4.238551582853222
1680168931469945606,,0.0,0.0,0.0,,-0.009661729467806163,0.19141092884772984,4.138628476616874
1680168931487084754,,0.0,0.0,0.0,,-0.023683680947019215,0.17295650476229585,4.051094479761283
1680168931506381135,,0.0,0.0,0.0,,-0.032956943405780904,0.15511594392851677,3.9635246244125493
1680168931523500818,,0.0,0.0,0.0,,-0.04254738277412506,0.13483583162227952,3.8660065985376924
1680168931539973821,,0.0,0.0,0.0,,-0.051915840994443796,0.1140361980522982,3.7704795728058937
1680168931558785268,,0.0,0.0,0.0,,-0.05847154193718666,0.0909864440376208,3.6654398011075604
1680168931575637032,,0.0,0.0,0.0,,-0.0651676886447379,0.06885396308413495,3.56478159576179
1680168931594106255,,0.0,0.0,0.0,,-0.06973665831265331,0.04533772849348683,3.454613205770423
1680168931611539128,,0.0,0.0,0.0,,-0.07438588270331636,0.0228680069497316,3.3479589481070278
1680168931630493415,,0.0,0.0,0.0,,-0.07469281432914382,-0.0013489623610775184,3.22014305684764
1680168931647948740,,0.0,0.0,0.0,,-0.07375451709191332,-0.019662833959997333,3.1225268470034644
1680168931665545101,,0.0,0.0,0.0,,-0.07391246521646985,-0.04140588740908668,3.00300792803835
1680168931682324874,,0.0,0.0,0.0,,-0.07001200031356945,-0.06318714722884577,2.86714095129481
1680168931699718576,,0.0,0.0,0.0,,-0.06479416267450283,-0.08099771926330028,2.750439485362326
1680168931722771015,,0.0,0.0,0.0,,-0.05414760530574546,-0.10204452030387144,2.5876701010253984
1680168931743477998,,0.0,0.0,0.0,,-0.0437230290850135,-0.1180391157927488,2.4432209915897376
1680168931761859360,,0.0,0.0,0.0,,-0.03101290081326602,-0.13106578064384405,2.2967689291799704
1680168931780074149,,0.0,0.0,0.0,,-0.01985023727534956,-0.140543521890883,2.1726037740319546
1680168931796277331,,0.0,0.0,0.0,,-0.008012665670071209,-0.1462711691184676,2.0614373226481195
1680168931810942828,,0.0,0.0,0.0,,0.004374309276570041,-0.15104066887154635,1.9490209466461723
1680168931831240906,,0.0,0.0,0.0,,0.023047619580561778,-0.15524176881963309,1.7973531810314543
1680168931847523041,,0.0,0.0,0.0,,0.040260123175817036,-0.15740459090899994,1.6604189872300998
1680168931864418825,,0.0,0.0,0.0,,0.05587521627893556,-0.15735752663675032,1.544556780791881
1680168931883518448,,0.0,0.0,0.0,,0.07567764223009503,-0.15692082141669264,1.3906410291665823
1680168931902733100,,0.0,0.0,0.0,,0.09689220979215464,-0.15409248277007268,1.2344832679462272
1680168931921984529,,0.0,0.0,0.0,,0.12039232940522976,-0.14673049934015095,1.0781812189796554
1680168931940008690,,0.0,0.0,0.0,,0.13048051880933859,-0.1464236744360293,0.9521625212456275
1680168931958557077,,0.0,0.0,0.0,,0.15629094990917053,-0.14009230251883903,0.822750927041396
1680168931975316392,,0.0,0.0,0.0,,0.1660935520286082,-0.14009080841495808,0.7090316924552686
1680168931994118352,,0.0,0.0,0.0,,0.18465971373999535,-0.1371158341445944,0.59724198630967
1680168932007967411,,0.0,0.0,0.0,,0.19941078791310726,-0.13570828156704287,0.5118731594209731
1680168932027337985,,0.0,0.0,0.0,,0.21698742596848883,-0.1334369235028963,0.40820796329310455
1680168932045051124,,0.0,0.0,0.0,,0.22760452814645052,-0.13476390119258283,0.3334908164150426
1680168932065171701,,0.0,0.0,0.0,,0.24052767294293778,-0.1375766584701587,0.2579916128770141
1680168932082102048,,0.0,0.0,0.0,,0.24730450126005982,-0.13872348992048616,0.2018355050684618
1680168932099899831,,0.0,0.0,0.0,,0.25530948296731476,-0.13966520225230167,0.15578807723152832
1680168932119812190,,0.0,0.0,0.0,,0.2604137687114299,-0.14125087335680245,0.11122792308636514
1680168932135374649,,0.0,0.0,0.0,,0.2616005140797196,-0.14231446187662036,0.0842042796352097
1680168932153196306,,0.0,0.0,0.0,,0.2637131769673692,-0.1429874489532782,0.05962925900150382
1680168932174796844,,0.0,0.0,0.0,,0.2625285660331951,-0.14446895967293627,0.04020078590740255
1680168932191091053,,0.0,0.0,0.0,,0.2569201269509684,-0.145591245130934,0.030921973919940227
1680168932213562595,,0.0,0.0,0.0,,0.2510261005840705,-0.14540160065976035,0.024298397972320362
1680168932234371314,,0.0,0.0,0.0,,0.24241237826703818,-0.1466825812942551,0.025176077280667
1680168932250314715,,0.0,0.0,0.0,,0.2339023894480254,-0.1462228241857486,0.029936719132165886
1680168932267987932,,0.0,0.0,0.0,,0.2218436904683679,-0.14603275282775185,0.039051606579547905
1680168932286362956,,0.0,0.0,0.0,,0.2083190621380964,-0.14583819915811225,0.05281273020983109
1680168932303782021,,0.0,0.0,0.0,,0.1948110823939268,-0.14541131233498647,0.07118081643528788
1680168932322661331,,0.0,0.0,0.0,,0.17741672501201997,-0.14324720958515025,0.09560386535996097
1680168932338331786,,0.0,0.0,0.0,,0.16064690305234616,-0.14199258921198352,0.11711042350903862
1680168932356793647,,0.0,0.0,0.0,,0.1427624795974909,-0.1411722194596415,0.14483928399199789
1680168932372892541,,0.0,0.0,0.0,,0.12362258199582266,-0.13970234140591362,0.17710339008384562
1680168932388924944,,0.0,0.0,0.0,,0.1034363847906731,-0.13860460194024563,0.2108786755295587
1680168932406682986,,0.0,0.0,0.0,,0.08535089764212558,-0.13777782888555673,0.2429771495340336
1680168932425972742,,0.0,0.0,0.0,,0.06212526625632035,-0.13617892428953907,0.290605766163825
1680168932443658662,,0.0,0.0,0.0,,0.041653481766499634,-0.1340593244910137,0.3369707977971641
1680168932464579064,,0.0,0.0,0.0,,0.016286586075895403,-0.13336221830884928,0.3938167547118877
1680168932482341783,,0.0,0.0,0.0,,-0.0074052057207632,-0.13240236328705093,0.45440224019719333
1680168932499785653,,0.0,0.0,0.0,,-0.02544843107382126,-0.13091775763792518,0.5098360555010167
1680168932517391768,,0.0,0.0,0.0,,-0.04695541610972204,-0.1290824644636016,0.5717602580636449
1680168932535289142,,0.0,0.0,0.0,,-0.066484634494081,-0.12743959052480197,0.6334180832486425
1680168932553136726,,0.0,0.0,0.0,,-0.0866285699037411,-0.1252728197323212,0.7020205032722505
1680168932573176106,,0.0,0.0,0.0,,-0.10603484488303982,-0.1235521456700069,0.7826594241607137
1680168932590685556,,0.0,0.0,0.0,,-0.12297584845878708,-0.1224482163454036,0.8547486557556132
1680168932607233246,,0.0,0.0,0.0,,-0.13806587076946086,-0.12010663539885282,0.9337688218107832
1680168932627430342,,0.0,0.0,0.0,,-0.15314991666461092,-0.11725108271725858,1.0249211113791883
1680168932646123524,,0.0,0.0,0.0,,-0.16449443398917896,-0.11487076179150914,1.1054336737680062
1680168932664029995,,0.0,0.0,0.0,,-0.17570747017222427,-0.11194082408098523,1.192909614015652
1680168932682768760,,0.0,0.0,0.0,,-0.18559587654311024,-0.10854888810613343,1.2938376118336379
1680168932701941874,,0.0,0.0,0.0,,-0.19197868832248716,-0.10468438841808136,1.3818420379683134
1680168932718528576,,0.0,0.0,0.0,,-0.1966855424342722,-0.10116182507535307,1.476911441025721
1680168932735757575,,0.0,0.0,0.0,,-0.20188246261900564,-0.09696008479703164,1.5693512212526735
1680168932753648788,,0.0,0.0,0.0,,-0.20244424567823918,-0.09288395596641497,1.6687577944330392
1680168932773124803,,0.0,0.0,0.0,,-0.2029343117511876,-0.08773089840275769,1.7817504676462064
1680168932789220782,,0.0,0.0,0.0,,-0.2018918541291144,-0.0842249836461313,1.8802964369911503
1680168932810401226,,0.0,0.0,0.0,,-0.20020180919635938,-0.07690387462952387,1.9964540491109721
1680168932826933729,,0.0,0.0,0.0,,-0.1958351838826056,-0.06749315461371569,2.0959519760714866
1680168932842634809,,0.0,0.0,0.0,,-0.18664174925976842,-0.05557319385157406,2.1746468543674347
1680168932860286668,,0.0,0.0,0.0,,-0.18114472763837755,-0.04268932264281438,2.2585352377535313
1680168932877475464,,0.0,0.0,0.0,,-0.17722462594161334,-0.031005857180684444,2.338834356730786
1680168932898489586,,0.0,0.0,0.0,,-0.15910413407356952,-0.01108283570199194,2.4164645792898587
1680168932916805732,,0.0,0.0,0.0,,-0.14858137388351864,0.0025318657479591017,2.4857688012506856
1680168932935156191,,0.0,0.0,0.0,,-0.13414320775175792,0.014770390801858355,2.5361858426091346
1680168932954673941,,0.0,0.0,0.0,,-0.11962393312360332,0.029561805779755656,2.587665832157167
1680168932973604324,,0.0,0.0,0.0,,-0.10039396240225555,0.042568406950164,2.62521991976119
1680168932988712708,,0.0,0.0,0.0,,-0.0847306310881238,0.05476605759074896,2.653414086881356
1680168933007052140,,0.0,0.0,0.0,,-0.07225955943732677,0.06541869809673588,2.6705868900020606
1680168933022540371,,0.0,0.0,0.0,,-0.0525100674522349,0.08015835304732917,2.6840287022886455
1680168933036914964,,0.0,0.0,0.0,,-0.03383163450636566,0.09149710739978503,2.688552848840133
1680168933053551088,,0.0,0.0,0.0,,-0.02167090957598108,0.100397164053429,2.6895603017427097
1680168933068703089,,0.0,0.0,0.0,,-0.0032780639147829945,0.11114574737291343,2.684929433485441
1680168933087971858,,0.0,0.0,0.0,,0.012796786296842015,0.12206263082241521,2.6759169988756093
1680168933104579080,,0.0,0.0,0.0,,0.028295766184070325,0.12949387663938908,2.664157974445786
1680168933122676384,,0.0,0.0,0.0,,0.04603462123223969,0.13843726230558032,2.6451871240260756
1680168933139061112,,0.0,0.0,0.0,,0.06075538644090967,0.1453592321425651,2.6233091743408785
1680168933163453483,,0.0,0.0,0.0,,0.08243867573476141,0.15197106870254903,2.5864492047112586
1680168933178753153,,0.0,0.0,0.0,,0.09579425688307508,0.15482886253996467,2.555298419454123
1680168933195073916,,0.0,0.0,0.0,,0.10852957147738698,0.1569498497206652,2.523212752054342
1680168933210134261,,0.0,0.0,0.0,,0.11933322319705465,0.15694995644237097,2.4885299052226633
1680168933227187782,,0.0,0.0,0.0,,0.13060260844075255,0.15438180531444617,2.4431936708330575
1680168933244527763,,0.0,0.0,0.0,,0.14184211160683166,0.1511346906943398,2.3966664222069305
1680168933263814454,,0.0,0.0,0.0,,0.15074867828452831,0.14490160946817426,2.343701720288067
1680168933280078653,,0.0,0.0,0.0,,0.1581871811774953,0.1370544691637701,2.2901590136106904
1680168933296892079,,0.0,0.0,0.0,,0.16379391271242952,0.12733564358337085,2.2299756555127694
1680168933316859485,,0.0,0.0,0.0,,0.17156325289331903,0.1158691433490946,2.159648612723733
1680168933334968009,,0.0,0.0,0.0,,0.1748272295429389,0.10362079989826345,2.096045037398928
1680168933355229388,,0.0,0.0,0.0,,0.17440162338028245,0.08754979166804656,2.018092942175219
1680168933375137456,,0.0,0.0,0.0,,0.1772451165091234,0.06959482516566977,1.936742827839428
1680168933394581323,,0.0,0.0,0.0,,0.17746752454397194,0.053336306898394886,1.8605503601006435
1680168933410792155,,0.0,0.0,0.0,,0.17236451946032616,0.03560652319521694,1.7874451378667044
1680168933428634437,,0.0,0.0,0.0,,0.1686587149487711,0.014947228668338216,1.6958224190192146
1680168933446443959,,0.0,0.0,0.0,,0.16481844108793145,-8.206899174593447e-05,1.6255141592503959
1680168933465010744,,0.0,0.0,0.0,,0.1580411858839863,-0.022647413183881342,1.529126529683176
1680168933483244095,,0.0,0.0,0.0,,0.14860527954561367,-0.04251611331433109,1.4392873439827056
1680168933498705989,,0.0,0.0,0.0,,0.14048759971705352,-0.06140542835082448,1.3519292244982426
1680168933516631311,,0.0,0.0,0.0,,0.12986067914215993,-0.08189492864380492,1.2561127695003649
1680168933532582854,,0.0,0.0,0.0,,0.1206181525346633,-0.0998148904266854,1.1764642260415539
1680168933553599162,,0.0,0.0,0.0,,0.11115022968455625,-0.1217474816252426,1.0713305392421326
1680168933570600398,,0.0,0.0,0.0,,0.09165815045380923,-0.14365317895394286,0.9842695329865649
1680168933588102152,,0.0,0.0,0.0,,0.0849107773274829,-0.16170878402487157,0.8927006018787891
1680168933602469431,,0.0,0.0,0.0,,0.07365889444353313,-0.17660350561396532,0.817179200225958
1680168933625659773,,0.0,0.0,0.0,,0.04960809082862574,-0.1993489960454598,0.7101194000805932
1680168933642757543,,0.0,0.0,0.0,,0.04005222929295477,-0.21400775594307078,0.6232650070474185
1680168933660126817,,0.0,0.0,0.0,,0.025953438185579075,-0.22870568270670352,0.5441184824926033
1680168933679371913,,0.0,0.0,0.0,,0.003141033244559614,-0.2462587352651074,0.45679963659586775
1680168933699171354,,0.0,0.0,0.0,,-0.01256968250693909,-0.2646094258525218,0.37901231968588506
1680168933716837526,,0.0,0.0,0.0,,-0.027696843971224832,-0.28106484566696344,0.3205339475595284
1680168933733628571,,0.0,0.0,0.0,,-0.03829132114756086,-0.29590716689851854,0.27756010484910065
1680168933753709343,,0.0,0.0,0.0,,-0.06548230423338162,-0.31695065956621044,0.23414742248449963
1680168933769218833,,0.0,0.0,0.0,,-0.07605159508715323,-0.33229905512658114,0.20848298667817672
1680168933786207797,,0.0,0.0,0.0,,-0.08719590249167528,-0.3472299553739348,0.1942744856572577
1680168933802790304,,0.0,0.0,0.0,,-0.10717249826667008,-0.3641612472744559,0.18470709817736233
1680168933817349932,,0.0,0.0,0.0,,-0.11950227037901247,-0.3756909267585548,0.18134493755842354
1680168933836979014,,0.0,0.0,0.0,,-0.13190205193034749,-0.3903318641313003,0.18221749422489267
1680168933858355155,,0.0,0.0,0.0,,-0.1459517510530637,-0.40230603951997884,0.19109332505132423
1680168933875158462,,0.0,0.0,0.0,,-0.1611988677146478,-0.41159488334778466,0.20406897692705597
1680168933895412998,,0.0,0.0,0.0,,-0.1717147977155287,-0.41832656838336113,0.22714818613252905
1680168933915347004,,0.0,0.0,0.0,,-0.18147428426583065,-0.4229360922994735,0.2542691597793572
1680168933932672838,,0.0,0.0,0.0,,-0.18992536270325205,-0.4238631837575969,0.28307889769847094
1680168933949282424,,0.0,0.0,0.0,,-0.19783301421483432,-0.4226661931055522,0.3135893527209179
1680168933976223569,,0.0,0.0,0.0,,-0.20547172702784733,-0.41776030301248473,0.362377393962319
1680168933988875677,,0.0,0.0,0.0,,-0.20936408108110835,-0.412115258385175,0.40252183080906895
1680168934010394932,,0.0,0.0,0.0,,-0.21386816395190864,-0.40243047702892004,0.45221999475737423
1680168934026937100,,0.0,0.0,0.0,,-0.2173046028780713,-0.390280210825702,0.5006955548442472
1680168934046853725,,0.0,0.0,0.0,,-0.2191777822579473,-0.3785397559726848,0.5496782564769936
1680168934064342216,,0.0,0.0,0.0,,-0.21569054379983266,-0.3629853875201559,0.6053972321786651
1680168934078599251,,0.0,0.0,0.0,,-0.21584721126391984,-0.3470291051236541,0.6616011513114076
1680168934099885173,,0.0,0.0,0.0,,-0.21392792810714625,-0.3260032215374161,0.7316293733242558
1680168934117284252,,0.0,0.0,0.0,,-0.20756048425340187,-0.30588874131855165,0.798891368723249
1680168934136135058,,0.0,0.0,0.0,,-0.2040809297581035,-0.28534673394632676,0.8652278734897053
1680168934156663469,,0.0,0.0,0.0,,-0.19581170510733367,-0.2611059656951284,0.9455628509601027
1680168934175137353,,0.0,0.0,0.0,,-0.1877268955641542,-0.23713829828902475,1.0293470739613566
1680168934193638276,,0.0,0.0,0.0,,-0.1773744632165305,-0.213233169802509,1.108589221164552
1680168934210356384,,0.0,0.0,0.0,,-0.16786940121281152,-0.19280492776864713,1.1860469814470818
1680168934229185360,,0.0,0.0,0.0,,-0.15711697591191895,-0.16927321853066069,1.280525573141283
1680168934246690522,,0.0,0.0,0.0,,-0.14520811420717858,-0.1526184425698193,1.3535590783889369
1680168934266007821,,0.0,0.0,0.0,,-0.13092021223715816,-0.13243480668560847,1.4525899911649518
1680168934282962968,,0.0,0.0,0.0,,-0.11834668774881094,-0.11530373175186448,1.544391148704508
1680168934299299986,,0.0,0.0,0.0,,-0.10419496267536764,-0.10051477137320014,1.6340706787331294
1680168934315395146,,0.0,0.0,0.0,,-0.09213797124300263,-0.08964687318665204,1.7147266750945174
1680168934336470146,,0.0,0.0,0.0,,-0.07728785932692553,-0.076060986597262,1.8247507773396678
1680168934355768602,,0.0,0.0,0.0,,-0.06087576852503115,-0.065383479933828,1.9373746203376543
1680168934373303226,,0.0,0.0,0.0,,-0.04812124402367859,-0.05771830013778119,2.0423751184482604
1680168934389296012,,0.0,0.0,0.0,,-0.03584654031151942,-0.050594626276869455,2.140957800059993
1680168934405791225,,0.0,0.0,0.0,,-0.043212899331378174,-0.04806574873667223,2.2268209618898696
1680168934423327433,,0.0,0.0,0.0,,-0.005835115985306519,-0.032335609634721305,2.3185017373453047
1680168934439638174,,0.0,0.0,0.0,,-0.014503052928875826,-0.02769897840534046,2.4018121159728887
1680168934461106285,,0.0,0.0,0.0,,0.010707602184464364,-0.017883356237797448,2.485274466309506
1680168934476913384,,0.0,0.0,0.0,,0.025032643308096732,-0.013778839433442911,2.5506188860990178
1680168934495051851,,0.0,0.0,0.0,,0.03219281599238572,-0.01142669303801977,2.6044194324175622
1680168934514096999,,0.0,0.0,0.0,,0.05013316162107047,-0.0074056326075863255,2.647974694981087
1680168934529697794,,0.0,0.0,0.0,,0.05186674900978433,-0.007825582519836328,2.6811591690635943
1680168934549323032,,0.0,0.0,0.0,,0.07102799095260885,-0.0056978718716715745,2.708635312547263
1680168934569330811,,0.0,0.0,0.0,,0.07767718010961626,-0.007658349606876797,2.72968424802195
1680168934584970808,,0.0,0.0,0.0,,0.08696751804130298,-0.008893546629591291,2.739025385485588
1680168934599553952,,0.0,0.0,0.0,,0.0930425444212062,-0.010959251966697022,2.743378777307825
1680168934619952649,,0.0,0.0,0.0,,0.09840381603284308,-0.01556023814634686,2.7432037537103438
1680168934641177400,,0.0,0.0,0.0,,0.11182428397827189,-0.018859432958874583,2.7349033663214857
1680168934662959950,,0.0,0.0,0.0,,0.11628653194040584,-0.02732780031263258,2.7187832661066094
1680168934677454063,,0.0,0.0,0.0,,0.12168622336612404,-0.03145099341549887,2.7041572697726735
1680168934693416684,,0.0,0.0,0.0,,0.1238151079530524,-0.037492829344904055,2.686686499649427
1680168934714512261,,0.0,0.0,0.0,,0.12729423556152764,-0.04578563949265157,2.6577469881360827
1680168934729259092,,0.0,0.0,0.0,,0.12780009644693172,-0.05317473023584177,2.627747089754094
1680168934748612036,,0.0,0.0,0.0,,0.12714653272072612,-0.06094343008649659,2.593013870277287
1680168934767565658,,0.0,0.0,0.0,,0.12966046922211394,-0.06899238113653348,2.5495269096054622
1680168934783348744,,0.0,0.0,0.0,,0.12467144292024275,-0.07612523306414243,2.5144265674607666
1680168934803037406,,0.0,0.0,0.0,,0.12508338870455915,-0.08441046597077946,2.462814242997565
1680168934819430205,,0.0,0.0,0.0,,0.12027450864204703,-0.09327946660804101,2.416880367055583
1680168934837898318,,0.0,0.0,0.0,,0.1170340107676991,-0.10183214410936636,2.365465264304666
1680168934855987426,,0.0,0.0,0.0,,0.1111660244970119,-0.11021001145662168,2.313243345458041
1680168934875646805,,0.0,0.0,0.0,,0.10336979044626547,-0.1207406690529004,2.2479732039757527
1680168934893301938,,0.0,0.0,0.0,,0.09788514854274524,-0.12859389249453412,2.18531219475641
1680168934914122277,,0.0,0.0,0.0,,0.08627468072736981,-0.1374823164822479,2.112110496100444
1680168934928880789,,0.0,0.0,0.0,,0.0783000079845568,-0.14474248740485413,2.045892665870817
1680168934946950171,,0.0,0.0,0.0,,0.06700799773923322,-0.1524797043523034,1.9713949388198415
1680168934966238980,,0.0,0.0,0.0,,0.054807145447474816,-0.15929047017186393,1.899279240241908
1680168934983337295,,0.0,0.0,0.0,,0.042590925230083884,-0.1657488409189341,1.8189971967375782
1680168934999489138,,0.0,0.0,0.0,,0.028530980823612637,-0.17231596108419558,1.7417827619442303
1680168935017725130,,0.0,0.0,0.0,,0.014544034063895902,-0.1783174562088154,1.6559178925670615
1680168935037100021,,0.0,0.0,0.0,,-0.003498337515515906,-0.1851036760360462,1.5579755411900174
1680168935055948600,,0.0,0.0,0.0,,-0.016938869141631622,-0.19012557262329807,1.4715762095102947
1680168935073654187,,0.0,0.0,0.0,,-0.03209762023082867,-0.19561213551752238,1.3786497783049787
1680168935090469156,,0.0,0.0,0.0,,-0.04669117316620717,-0.2003391600317001,1.2889395124250924
1680168935109217576,,0.0,0.0,0.0,,-0.06388318619395239,-0.20619145821163742,1.1802293678215232
1680168935129263537,,0.0,0.0,0.0,,-0.08160539265601985,-0.21051678222525377,1.0710966052630595
1680168935147249129,,0.0,0.0,0.0,,-0.09888064861427459,-0.21733363118204385,0.9737373812864053
1680168935165065425,,0.0,0.0,0.0,,-0.10622779772709269,-0.21990498396114208,0.8818218180782512
1680168935182950957,,0.0,0.0,0.0,,-0.12374851360864478,-0.2262695463288304,0.7856732451319818
1680168935198896167,,0.0,0.0,0.0,,-0.13301366521776706,-0.22816076167698343,0.696395842490745
1680168935217791291,,0.0,0.0,0.0,,-0.15005327964965637,-0.23046360264433555,0.6049139962948867
1680168935234786134,,0.0,0.0,0.0,,-0.15331554875198372,-0.2309880331065456,0.5205731128762768
1680168935249450873,,0.0,0.0,0.0,,-0.15861364111379797,-0.23428295905084207,0.45399242884699254
1680168935269327749,,0.0,0.0,0.0,,-0.17466629321062047,-0.24035457033616028,0.37548452697957346
1680168935289119311,,0.0,0.0,0.0,,-0.1879215559554996,-0.2459687723904992,0.3080808051553026
1680168935307594076,,0.0,0.0,0.0,,-0.18940882964726985,-0.2480932813874905,0.25602110330146544
1680168935324597986,,0.0,0.0,0.0,,-0.19180665293276744,-0.2523488094055258,0.21927639311408936
1680168935342889781,,0.0,0.0,0.0,,-0.20566510675872332,-0.2598129255078803,0.18036651295981923
1680168935362595117,,0.0,0.0,0.0,,-0.2027259909815022,-0.2615411768113051,0.14632485013647567
1680168935379508313,,0.0,0.0,0.0,,-0.2056066232639551,-0.2663240167776066,0.12525030145240132
1680168935394339282,,0.0,0.0,0.0,,-0.21383870876111297,-0.2724876221733084,0.11147893253836312
1680168935409346518,,0.0,0.0,0.0,,-0.21394244225913253,-0.2771319373655055,0.10117217708081387
1680168935429102446,,0.0,0.0,0.0,,-0.21084196326276985,-0.2820048504514865,0.0947056954841043
1680168935447029672,,0.0,0.0,0.0,,-0.20879632160635103,-0.28676613263322004,0.09600684652099173
1680168935461352163,,0.0,0.0,0.0,,-0.21284705067099172,-0.29311287247604284,0.10216938469963574
1680168935478237760,,0.0,0.0,0.0,,-0.21235271572981207,-0.2996412526621056,0.11376021572114738
1680168935498057412,,0.0,0.0,0.0,,-0.2048390807559749,-0.3049054075214814,0.1323639434729696
1680168935516133027,,0.0,0.0,0.0,,-0.2069269842078832,-0.3121121108694911,0.1535768034877367
1680168935533132980,,0.0,0.0,0.0,,-0.19933736337952965,-0.3175493683356444,0.1769223900708403
1680168935553681739,,0.0,0.0,0.0,,-0.1953451178096572,-0.32404925382626354,0.20873228858288218
1680168935572895508,,0.0,0.0,0.0,,-0.1861333270534256,-0.33042363459088375,0.24536942329083056
1680168935587319021,,0.0,0.0,0.0,,-0.17928093976861031,-0.33473647216492364,0.2760216047385553
1680168935604577330,,0.0,0.0,0.0,,-0.17298179780656606,-0.33992506805660616,0.31350568290358527
1680168935623259580,,0.0,0.0,0.0,,-0.1626797381040712,-0.344297029455649,0.35607654445298226
1680168935640495138,,0.0,0.0,0.0,,-0.1550282186863644,-0.34917773322615203,0.399888792884029
1680168935657268061,,0.0,0.0,0.0,,-0.14346812351611785,-0.35217693332372807,0.4488185605507079
1680168935674122792,,0.0,0.0,0.0,,-0.13291633502209438,-0.3551469983956258,0.498404026377708
1680168935693175500,,0.0,0.0,0.0,,-0.12444988865904046,-0.3592466060015144,0.555214124799289
1680168935711248470,,0.0,0.0,0.0,,-0.11241722977559361,-0.3612871250160557,0.6124084213616833
1680168935727803771,,0.0,0.0,0.0,,-0.09994188925656533,-0.3633547513438655,0.6764892561547429
1680168935745268413,,0.0,0.0,0.0,,-0.08913012668725827,-0.36534340360939704,0.7397812040986661
1680168935764767767,,0.0,0.0,0.0,,-0.0785283924349291,-0.3676120936308991,0.8117645677614305
1680168935782433793,,0.0,0.0,0.0,,-0.06285012008198795,-0.3668740063137146,0.8962318096796856
1680168935797343333,,0.0,0.0,0.0,,-0.052630876423179505,-0.36662278341830506,0.9624129276425242
1680168935816052111,,0.0,0.0,0.0,,-0.04535416363617717,-0.3663487220778583,1.0407381219496454
1680168935835429084,,0.0,0.0,0.0,,-0.029835546955085075,-0.3637543174103113,1.1351740249615343
1680168935854066012,,0.0,0.0,0.0,,-0.017339715868546747,-0.35965599046489205,1.2224074934936446
1680168935869368681,,0.0,0.0,0.0,,-0.007658349606876797,-0.3552771988766792,1.3069934099487288
1680168935889132003,,0.0,0.0,0.0,,0.003058644087696335,-0.34976032701801296,1.409436002215165
1680168935905121743,,0.0,0.0,0.0,,0.013789725047432618,-0.34382446574244874,1.4884382390237636
1680168935922837468,,0.0,0.0,0.0,,0.02391163851056839,-0.3363004787631508,1.5847985478343036
1680168935938459885,,0.0,0.0,0.0,,0.029998617721519127,-0.3293542830989536,1.6661264640552917
1680168935956174748,,0.0,0.0,0.0,,0.03718141540743379,-0.32050662680284836,1.7611361029574615
1680168935974772706,,0.0,0.0,0.0,,0.044565703673863824,-0.30978995327339254,1.8753872385252035
1680168935990547758,,0.0,0.0,0.0,,0.05079825129150046,-0.30136758297482635,1.9630151504818822
1680168936009541864,,0.0,0.0,0.0,,0.05636698989917648,-0.28825063156064,2.082459791139773
1680168936028373534,,0.0,0.0,0.0,,0.054104916623432885,-0.27071198643251665,2.184051171080896
1680168936045152347,,0.0,0.0,0.0,,0.06175728981478592,-0.2527767634457094,2.2750617342240234
1680168936063668168,,0.0,0.0,0.0,,0.06158183933048121,-0.2312401097756014,2.3659228869790567
1680168936083392505,,0.0,0.0,0.0,,0.06303154698181643,-0.20927913060330633,2.4577914926366673
1680168936096541623,,0.0,0.0,0.0,,0.060083893468132796,-0.19033005141157533,2.522563030309544
1680168936115644741,,0.0,0.0,0.0,,0.0624569573178891,-0.16794090475568507,2.587102341550641
1680168936132773084,,0.0,0.0,0.0,,0.05892660329063876,-0.1445084467040754,2.642472977604642
1680168936150022254,,0.0,0.0,0.0,,0.058110395684822236,-0.12174822867718307,2.6837059758503625
1680168936169659124,,0.0,0.0,0.0,,0.0606234784125638,-0.09441914770408111,2.7185664076004614
1680168936184677287,,0.0,0.0,0.0,,0.054457525139334786,-0.07732862701853405,2.7388452392462295
1680168936201370506,,0.0,0.0,0.0,,0.05434653456532208,-0.05774562089446124,2.75342000916139
1680168936222640657,,0.0,0.0,0.0,,0.04656993730843944,-0.03231415857185923,2.767675467732853
1680168936241207761,,0.0,0.0,0.0,,0.041851557252430005,-0.01586738321558587,2.7714098736615576
1680168936263817754,,0.0,0.0,0.0,,0.031916620217823335,0.0043250038484990115,2.7692831235087447
1680168936281171602,,0.0,0.0,0.0,,0.027516697731865745,0.018190928193859583,2.762146429599728
1680168936299750628,,0.0,0.0,0.0,,0.02038726089884181,0.030816959761451282,2.74860728711747
1680168936318426337,,0.0,0.0,0.0,,0.013071274524111902,0.0385637816624209,2.7318955217657415
1680168936335679684,,0.0,0.0,0.0,,0.005612707950457978,0.04573345257852444,2.7090178031407834
1680168936359708091,,0.0,0.0,0.0,,-0.0049740852630617855,0.05087850601424811,2.676351569661551
1680168936377331365,,0.0,0.0,0.0,,-0.0126956141197612,0.0517501021853652,2.645728416517799
1680168936393361621,,0.0,0.0,0.0,,-0.021660664292226062,0.05169247246424322,2.6168956267102366
1680168936413568848,,0.0,0.0,0.0,,-0.032441691010268066,0.04879284371816125,2.5751990293746014
1680168936431049635,,0.0,0.0,0.0,,-0.04319667763209939,0.04497284698142005,2.5360799746769995
1680168936448820074,,0.0,0.0,0.0,,-0.05324089769342627,0.03837893966800743,2.4912039242827233
1680168936467545052,,0.0,0.0,0.0,,-0.06457388907376993,0.029205995612680304,2.436307132602392
1680168936484435346,,0.0,0.0,0.0,,-0.07738732395671384,0.01852646123683646,2.3866943460187118
1680168936503209812,,0.0,0.0,0.0,,-0.08852522805888902,0.006025507508420624,2.3294419928483725
1680168936522174281,,0.0,0.0,0.0,,-0.10102490112683547,-0.009431957635258701,2.2627733701335244
1680168936539261971,,0.0,0.0,0.0,,-0.11102899382678852,-0.02337429472195879,2.2020478657702336
1680168936557669868,,0.0,0.0,0.0,,-0.12250157719829431,-0.040964059547151474,2.134091752396838
1680168936577224750,,0.0,0.0,0.0,,-0.13431780446241637,-0.061205111709072696,2.0552158740878843
1680168936594750738,,0.0,0.0,0.0,,-0.14286407866139483,-0.07908334530499264,1.9844773124013548
1680168936613305069,,0.0,0.0,0.0,,-0.15361010065994052,-0.10035959801299392,1.9063851982996602
1680168936632738452,,0.0,0.0,0.0,,-0.1599758369663924,-0.12481573066645926,1.816447828629871
1680168936648727233,,0.0,0.0,0.0,,-0.166998978980458,-0.1441880681433195,1.7465101066235256
1680168936664050806,,0.0,0.0,0.0,,-0.1742022672338827,-0.16390831838102723,1.676195870439183
1680168936682276674,,0.0,0.0,0.0,,-0.18203179845683296,-0.18958641456569017,1.5797962880409155
1680168936698760667,,0.0,0.0,0.0,,-0.18532138831584036,-0.2096716530371705,1.5051969619260361
1680168936717026368,,0.0,0.0,0.0,,-0.19135031091884597,-0.23674524224663165,1.4034758083906826
1680168936736400935,,0.0,0.0,0.0,,-0.19483029230096746,-0.26306228128380815,1.2982430838482961
1680168936757171175,,0.0,0.0,0.0,,-0.1956234480183352,-0.2855442758237282,1.2062916621469995
1680168936773665065,,0.0,0.0,0.0,,-0.1905447754836076,-0.3076408982840715,1.1054763624503188
1680168936787467309,,0.0,0.0,0.0,,-0.19412336772187114,-0.3292108491263833,1.0243422528470298
1680168936803544669,,0.0,0.0,0.0,,-0.18676170445706677,-0.3464642271349529,0.9424226714891893
1680168936819968994,,0.0,0.0,0.0,,-0.19264890063479465,-0.3689194345267218,0.8528584009028122
1680168936839951636,,0.0,0.0,0.0,,-0.1789991944653473,-0.38906326321467616,0.7475095631445355
1680168936857657980,,0.0,0.0,0.0,,-0.18032681248526852,-0.41064207195856783,0.6589100567784226
1680168936875184831,,0.0,0.0,0.0,,-0.16738232334762498,-0.4265966468077772,0.5789148812192333
1680168936893475997,,0.0,0.0,0.0,,-0.16483124769262522,-0.44507945886694905,0.5020633002255422
1680168936909550051,,0.0,0.0,0.0,,-0.1552497729475667,-0.4635162738709291,0.4359607294381589
1680168936929290557,,0.0,0.0,0.0,,-0.1467210011083364,-0.4815894880233117,0.37156229084869363
1680168936947444587,,0.0,0.0,0.0,,-0.13873053355306775,-0.49910935013121754,0.3254670516875701
1680168936966454768,,0.0,0.0,0.0,,-0.1275486601081106,-0.5156342457761229,0.2888777283038118
1680168936984744282,,0.0,0.0,0.0,,-0.1228422328831487,-0.5300004814781869,0.2666061889676927
1680168937003421363,,0.0,0.0,0.0,,-0.11313055765703682,-0.5405994409661657,0.25076015009326313
1680168937019848295,,0.0,0.0,0.0,,-0.10477424809434935,-0.5493508342836562,0.2423795079816575
1680168937043327608,,0.0,0.0,0.0,,-0.09079626595791826,-0.5587066993426927,0.2371236774153327
1680168937061099727,,0.0,0.0,0.0,,-0.07935826041908565,-0.5622805958259018,0.23978915873893014
1680168937075790751,,0.0,0.0,0.0,,-0.07425610910908613,-0.5644854662673466,0.24619587618040212
1680168937095912562,,0.0,0.0,0.0,,-0.06212782757725911,-0.5630927480068987,0.2583621506394873
1680168937113839880,,0.0,0.0,0.0,,-0.0511431758445861,-0.5593869434953437,0.27696417084401703
1680168937130118976,,0.0,0.0,0.0,,-0.04319368942433751,-0.552470309743648,0.29800969122411886
1680168937149569361,,0.0,0.0,0.0,,-0.034091608581649266,-0.5438809199755338,0.32613811777352386
1680168937170218259,,0.0,0.0,0.0,,-0.021267074641304076,-0.5303853199492349,0.3590596295729853
1680168937187530191,,0.0,0.0,0.0,,-0.01120364467293654,-0.5171501208850426,0.3917813583392239
1680168937202105928,,0.0,0.0,0.0,,-0.007397521757946935,-0.505479675471018,0.4209718793045659
1680168937218375157,,0.0,0.0,0.0,,0.002925028512057961,-0.4914346721033562,0.45454738171705605
1680168937235560041,,0.0,0.0,0.0,,0.0090798827278857,-0.47550613735035757,0.4961176205530462
1680168937252645516,,0.0,0.0,0.0,,0.018737343327460604,-0.4570117993469613,0.5429863786376736
1680168937272694225,,0.0,0.0,0.0,,0.026836240135803224,-0.43562434262153577,0.6000355336802052
1680168937292902191,,0.0,0.0,0.0,,0.03370143402531229,-0.41318951907557105,0.6630508589627429
1680168937309213375,,0.0,0.0,0.0,,0.041813137438348684,-0.39373052357361626,0.7200590328702543
1680168937326844431,,0.0,0.0,0.0,,0.046995970357918984,-0.3733516936895312,0.7832502355239197
1680168937347578221,,0.0,0.0,0.0,,0.052247105169189414,-0.35071313840722973,0.8578683446590165
1680168937365022461,,0.0,0.0,0.0,,0.05574501579788219,-0.33218923849133203,0.9243807267966007
1680168937383632966,,0.0,0.0,0.0,,0.05856204194368933,-0.3110220553666394,0.9984063170211989
1680168937399358509,,0.0,0.0,0.0,,0.05993875194827002,-0.29325267791061654,1.0702308787857604
1680168937416602459,,0.0,0.0,0.0,,0.0596339547565582,-0.2748536423904831,1.149850393940599
1680168937436116488,,0.0,0.0,0.0,,0.06034514820388578,-0.25541236269168804,1.2413902967444026
1680168937455861101,,0.0,0.0,0.0,,0.05656976114016123,-0.24055670124691034,1.321229231726328
1680168937472775368,,0.0,0.0,0.0,,0.0528955462535175,-0.2251563322158241,1.4072418039442984
1680168937493058929,,0.0,0.0,0.0,,0.04849647754120616,-0.20879546783270478,1.5071042922517623
1680168937510405064,,0.0,0.0,0.0,,0.04080525764894868,-0.19692972169710013,1.595587685401985
1680168937529401873,,0.0,0.0,0.0,,0.03189015323478953,-0.1841118045025134,1.701144843929947
1680168937546982638,,0.0,0.0,0.0,,0.0238373602033445,-0.17342725420649782,1.7981847565629032
1680168937569407707,,0.0,0.0,0.0,,0.011878979627121552,-0.1625842221773968,1.9224369966228365
1680168937585219123,,0.0,0.0,0.0,,0.00242642470264703,-0.15563674585273024,2.0073686914046527
1680168937601461134,,0.0,0.0,0.0,,-0.01327575331238916,-0.14591471862115757,2.1075274391673657
1680168937620582567,,0.0,0.0,0.0,,-0.021845079399816406,-0.133215369241694,2.197288931466027
1680168937636759280,,0.0,0.0,0.0,,-0.039121616018540535,-0.12221641680044629,2.2882081408290054
1680168937652909876,,0.0,0.0,0.0,,-0.05042387154761913,-0.11059783813543148,2.3584634666317568
1680168937669150393,,0.0,0.0,0.0,,-0.06833134689092318,-0.10028905496547239,2.4315678350920495
1680168937686446377,,0.0,0.0,0.0,,-0.08034735718826812,-0.08812630232267796,2.503237010052993
1680168937704061003,,0.0,0.0,0.0,,-0.10237599792202862,-0.07901226864894219,2.565381486216354
1680168937721246599,,0.0,0.0,0.0,,-0.12430517402600082,-0.0715633070288086,2.6242551555409253
1680168937739554330,,0.0,0.0,0.0,,-0.13288261096306744,-0.05934132383930547,2.669996932412501
1680168937758316118,,0.0,0.0,0.0,,-0.15298983410593875,-0.05237581154636184,2.7110053881892573
1680168937775221289,,0.0,0.0,0.0,,-0.16691573604994847,-0.046214874193304556,2.7418180790824773
1680168937792056675,,0.0,0.0,0.0,,-0.18298119475146474,-0.04064336082127822,2.7649801043316367
1680168937809431240,,0.0,0.0,0.0,,-0.19317866718229376,-0.03658804272328893,2.7792791053590586
1680168937826623658,,0.0,0.0,0.0,,-0.20444549110505292,-0.035391905844890444,2.788218969208959
1680168937845034515,,0.0,0.0,0.0,,-0.217870227918713,-0.036409390587810786,2.7901211768928076
1680168937860319205,,0.0,0.0,0.0,,-0.22348250898234784,-0.036347705441869105,2.7872021247962735
1680168937879471513,,0.0,0.0,0.0,,-0.236364672643815,-0.041867565508297226,2.780155930893759
1680168937895997334,,0.0,0.0,0.0,,-0.24039491114094566,-0.04797567561699269,2.76861461874373
1680168937915831909,,0.0,0.0,0.0,,-0.25020605099684584,-0.055837223351677366,2.754264391297533
1680168937933017194,,0.0,0.0,0.0,,-0.2541287140145488,-0.0655422818320308,2.7326084227603613
1680168937952902900,,0.0,0.0,0.0,,-0.2572902378266185,-0.07926028989317828,2.7055019632655197
1680168937970170813,,0.0,0.0,0.0,,-0.26175120512828304,-0.0918171657954236,2.680073168985562
1680168937989906290,,0.0,0.0,0.0,,-0.26003042434426293,-0.1076142194068995,2.6446740060646783
1680168938005451218,,0.0,0.0,0.0,,-0.26010512953830994,-0.1210219874693403,2.616899895578468
1680168938023403189,,0.0,0.0,0.0,,-0.2574571505744606,-0.13829937786171068,2.5796412136560485
1680168938043404223,,0.0,0.0,0.0,,-0.25083144019272513,-0.15728911802334442,2.5335621961942034
1680168938060030388,,0.0,0.0,0.0,,-0.2465083573349302,-0.17536788170442769,2.490969136530004
1680168938075547063,,0.0,0.0,0.0,,-0.2395996209894623,-0.19091915522748892,2.45070944024101
1680168938096041352,,0.0,0.0,0.0,,-0.22913022165230212,-0.21011710943710227,2.39852508743482
1680168938113609405,,0.0,0.0,0.0,,-0.2145063597524817,-0.23067982082024877,2.3354132857302563
1680168938130154724,,0.0,0.0,0.0,,-0.20501495812710274,-0.24944960754626694,2.277326795707529
1680168938152922980,,0.0,0.0,0.0,,-0.18294832446608403,-0.2732088474609794,2.1930627519170818
1680168938169370023,,0.0,0.0,0.0,,-0.16626857562608977,-0.28978080737813444,2.12790274723516
1680168938184894462,,0.0,0.0,0.0,,-0.1536596195314231,-0.3055690030880305,2.0667580400115595
1680168938202155395,,0.0,0.0,0.0,,-0.13609578808073533,-0.32205409153667935,1.9899713458149837
1680168938220292748,,0.0,0.0,0.0,,-0.1171215225664399,-0.33688520698912733,1.915034779109835
1680168938239671096,,0.0,0.0,0.0,,-0.0936068888013785,-0.35395363628157767,1.823523050836358
1680168938258123985,,0.0,0.0,0.0,,-0.07577710685988334,-0.3683599993450155,1.7382430164068714
1680168938272963848,,0.0,0.0,0.0,,-0.05809460087236658,-0.37871157791899296,1.66582849705275
1680168938290075293,,0.0,0.0,0.0,,-0.03757372439788639,-0.3889553675701311,1.5819998778218909
1680168938307641903,,0.0,0.0,0.0,,-0.016931612065638483,-0.39877163006790883,1.4910661543069261
1680168938324815700,,0.0,0.0,0.0,,0.001158570837963413,-0.40727969789621754,1.4034997140527776
1680168938343366845,,0.0,0.0,0.0,,0.021604742118396584,-0.41336315529087747,1.3065204193487054
1680168938363147725,,0.0,0.0,0.0,,0.044561434805632565,-0.41804002060333795,1.1963417840735835
1680168938380371290,,0.0,0.0,0.0,,0.05999168591433762,-0.42106365997153794,1.1006593715381672
1680168938397145500,,0.0,0.0,0.0,,0.07791410229645108,-0.4222326895366679,0.9975064395980497
1680168938414978307,,0.0,0.0,0.0,,0.09206369293577875,-0.42385037715290313,0.9031678667818336
1680168938434881166,,0.0,0.0,0.0,,0.1135454916491151,-0.425855464561125,0.7973784818220911
1680168938452814744,,0.0,0.0,0.0,,0.12384029427561681,-0.43030405214491896,0.7060144563894155
1680168938474523159,,0.0,0.0,0.0,,0.14336567067856765,-0.43419053650436196,0.6055065152053853
1680168938493700507,,0.0,0.0,0.0,,0.14591930765450617,-0.43546148529851325,0.5317302268854927
1680168938511607918,,0.0,0.0,0.0,,0.1562542376423817,-0.43617203841560614,0.46657192975086353
1680168938530168620,,0.0,0.0,0.0,,0.15572190977394385,-0.44054485358829526,0.40117286844799144
1680168938547404808,,0.0,0.0,0.0,,0.1642054316099228,-0.4406305511180377,0.34944272322160735
1680168938565295350,,0.0,0.0,0.0,,0.16131668847783054,-0.44380338743092024,0.3119757205295024
1680168938582116183,,0.0,0.0,0.0,,0.1545612045018648,-0.4473129307255432,0.28114595416335736
1680168938598592489,,0.0,0.0,0.0,,0.14611140672491277,-0.44896893143415395,0.2606929526937542
1680168938617330229,,0.0,0.0,0.0,,0.1356454224823376,-0.45187528364770013,0.24536259310166056
1680168938635391105,,0.0,0.0,0.0,,0.12691729449670755,-0.45409936399618556,0.2385375265735253
1680168938652978332,,0.0,0.0,0.0,,0.10762585207282967,-0.4576382557598984,0.23717661138140028
1680168938673218375,,0.0,0.0,0.0,,0.09510739598466568,-0.4566066837518149,0.24022116820393347
1680168938692797073,,0.0,0.0,0.0,,0.07321322460018981,-0.45845211548818776,0.24890404618631218
1680168938710269554,,0.0,0.0,0.0,,0.05744061025933786,-0.458181469242326,0.26132816028656536
1680168938729692362,,0.0,0.0,0.0,,0.03317764389333694,-0.4564238694698113,0.28166675608757086
1680168938748951457,,0.0,0.0,0.0,,0.008721724683283158,-0.4538679913380514,0.30845988065423835
1680168938769545163,,0.0,0.0,0.0,,-0.016765979978265674,-0.45086868451876955,0.34039272257134046
1680168938790113885,,0.0,0.0,0.0,,-0.04449612112169432,-0.44573686457456274,0.3769461874619562
1680168938807572903,,0.0,0.0,0.0,,-0.06566928066191072,-0.4399450776018035,0.41344159574462686
1680168938823501096,,0.0,0.0,0.0,,-0.0882370794532791,-0.4360582730772431,0.44814066427558413
1680168938845166484,,0.0,0.0,0.0,,-0.11448208133905309,-0.4256380724464482,0.5033542059786746
1680168938862385532,,0.0,0.0,0.0,,-0.13989849590113992,-0.41732242385366347,0.5527791623601794
1680168938879191238,,0.0,0.0,0.0,,-0.16099908468142493,-0.40773902811790086,0.6043197698370957
1680168938896958168,,0.0,0.0,0.0,,-0.18345845421971937,-0.3970257696830301,0.6618589909525756
1680168938915702580,,0.0,0.0,0.0,,-0.20280795325154236,-0.385437606704163,0.7189405893936647
1680168938932900870,,0.0,0.0,0.0,,-0.22216855134076663,-0.37274327324487116,0.7820139712841474
1680168938952833161,,0.0,0.0,0.0,,-0.243932095357366,-0.35840638601189706,0.8571050710192676
1680168938970177022,,0.0,0.0,0.0,,-0.2569623887464578,-0.3451093950800574,0.924568556998776
1680168938986350876,,0.0,0.0,0.0,,-0.2735217555023306,-0.33172542595800586,0.9993437604847831
1680168939006360272,,0.0,0.0,0.0,,-0.2848995699991025,-0.3198440984533571,1.072879284636433
1680168939022338514,,0.0,0.0,0.0,,-0.29453355182340546,-0.3067047354809566,1.153362818721278
1680168939039575077,,0.0,0.0,0.0,,-0.30143887307428835,-0.294448814789015,1.2312935696038312
1680168939057175440,,0.0,0.0,0.0,,-0.3119355931681286,-0.28357131164894656,1.3166504436614805
1680168939075576446,,0.0,0.0,0.0,,-0.3160132161026262,-0.2743922844563899,1.4001674355114577
1680168939092929727,,0.0,0.0,0.0,,-0.31651480811979904,-0.26428819351811966,1.4902388476437083
1680168939109305770,,0.0,0.0,0.0,,-0.3171863010925759,-0.25615354493834025,1.5783764624671992
1680168939126615143,,0.0,0.0,0.0,,-0.31872650875041375,-0.24949229622857952,1.674030700472289
1680168939145016640,,0.0,0.0,0.0,,-0.3114813855883227,-0.24278931933185827,1.7644282541374077
1680168939163600853,,0.0,0.0,0.0,,-0.307288076324758,-0.23744320220244233,1.8646083462412772
1680168939178542921,,0.0,0.0,0.0,,-0.3009825310603669,-0.23407773321062433,1.9605972635156976
1680168939195247292,,0.0,0.0,0.0,,-0.2950731367678365,-0.23176539401145768,2.0459251092693744
1680168939215506962,,0.0,0.0,0.0,,-0.2865127753036949,-0.22705320381438357,2.1580008295864674
1680168939235713768,,0.0,0.0,0.0,,-0.2643270402190241,-0.2156598079485676,2.262816912589483
1680168939252965217,,0.0,0.0,0.0,,-0.26112240083781874,-0.2122471679627942,2.350626678332813
1680168939266151685,,0.0,0.0,0.0,,-0.23390281633484855,-0.20200209765118665,2.414687022558363
1680168939282329644,,0.0,0.0,0.0,,-0.23342598375341703,-0.19933202729424057,2.475871857143337
1680168939298507973,,0.0,0.0,0.0,,-0.218942567618405,-0.19705437264945289,2.5348291962852407
1680168939319713045,,0.0,0.0,0.0,,-0.18794290029665586,-0.19013122887370448,2.5888039124276205
1680168939335420132,,0.0,0.0,0.0,,-0.18504732697539358,-0.19030849362700747,2.622381976161049
1680168939355486306,,0.0,0.0,0.0,,-0.153065393073632,-0.18685625988838914,2.6545496058308706
1680168939372663722,,0.0,0.0,0.0,,-0.13821784247849367,-0.1880358549023915,2.6778584801471856
1680168939387943665,,0.0,0.0,0.0,,-0.12271672815714972,-0.1892963449693762,2.6931768869082315
1680168939404042603,,0.0,0.0,0.0,,-0.09933314864678794,-0.18918684849924444,2.6996817883190225
1680168939425135414,,0.0,0.0,0.0,,-0.08572485049918378,-0.19322530456772025,2.7036023169026095
1680168939442923543,,0.0,0.0,0.0,,-0.06392075223438745,-0.1962184215280668,2.6995392081200986
1680168939464013368,,0.0,0.0,0.0,,-0.046867050537334996,-0.20084704862951402,2.689445042300466
1680168939481001376,,0.0,0.0,0.0,,-0.02472315036133053,-0.20500023053170488,2.674425456315608
1680168939499584197,,0.0,0.0,0.0,,-0.010433113957194477,-0.210048380658579,2.658598200461396
1680168939516501388,,0.0,0.0,0.0,,0.0010710590392226246,-0.21694655155517453,2.63815715182284
1680168939533079583,,0.0,0.0,0.0,,0.0150387958918987,-0.22211476360105278,2.617609381478503
1680168939552833599,,0.0,0.0,0.0,,0.028343577508260415,-0.23001665214052286,2.583896421508966
1680168939572697301,,0.0,0.0,0.0,,0.04171367280856037,-0.23695633778066735,2.5462296357836385
1680168939588564204,,0.0,0.0,0.0,,0.04880597048797236,-0.24474616852906692,2.511573255934994
1680168939604075009,,0.0,0.0,0.0,,0.05703549466419148,-0.24993924673239223,2.4770876308155994
1680168939622825660,,0.0,0.0,0.0,,0.06294104697531375,-0.2573250291027032,2.4326572502646666
1680168939639832261,,0.0,0.0,0.0,,0.0700209649368551,-0.2637742217830762,2.3868121667818945
1680168939657234400,,0.0,0.0,0.0,,0.0750351775612907,-0.2691954709933622,2.344334366559939
1680168939672991556,,0.0,0.0,0.0,,0.07687932863719414,-0.2765038801269817,2.289363296572384
1680168939693062249,,0.0,0.0,0.0,,0.08105342799371819,-0.28314122317464735,2.2235655229767124
1680168939712266691,,0.0,0.0,0.0,,0.07876104575353265,-0.2896495396800232,2.153743060412611
1680168939728996187,,0.0,0.0,0.0,,0.07833287826993748,-0.29461209899886065,2.0899345794127053
1680168939747519952,,0.0,0.0,0.0,,0.0779674631493418,-0.2989294188845434,2.031504018610539
1680168939765676741,,0.0,0.0,0.0,,0.07177546977990212,-0.30580870003921556,1.9511058618903188
1680168939782768464,,0.0,0.0,0.0,,0.06779560392790031,-0.3106521579344009,1.8741697573056488
1680168939799430319,,0.0,0.0,0.0,,0.059603218905293145,-0.3142986251775414,1.8001014783987381
1680168939817004005,,0.0,0.0,0.0,,0.052929270312544435,-0.31709729518995416,1.717603038508739
1680168939833926085,,0.0,0.0,0.0,,0.04521158343725316,-0.31938925054331657,1.6375088252065846
1680168939855789334,,0.0,0.0,0.0,,0.03273496225775549,-0.3222517401357866,1.5407037003263475
1680168939872936907,,0.0,0.0,0.0,,0.023617513489434715,-0.324399621186344,1.4508038966969934
1680168939887155221,,0.0,0.0,0.0,,0.013503710875938334,-0.3256021613670894,1.3747053440592965
1680168939901549058,,0.0,0.0,0.0,,0.003582007332848562,-0.3258515699935007,1.2961120648272522
1680168939922012954,,0.0,0.0,0.0,,-0.009891821465470966,-0.32535392667944174,1.1895884345317334
1680168939943650319,,0.0,0.0,0.0,,-0.026893016083278955,-0.3244815834563842,1.0809474455935104
1680168939957164683,,0.0,0.0,0.0,,-0.03569584926295601,-0.32616799985114264,1.0008156662509209
1680168939974660770,,0.0,0.0,0.0,,-0.04747579114711238,-0.32450655633553704,0.9124056976342758
1680168939990573905,,0.0,0.0,0.0,,-0.06120532515248426,-0.32580162423519493,0.8332899089307256
1680168940013903086,,0.0,0.0,0.0,,-0.0720977693313621,-0.3230034878313111,0.7138520984620051
1680168940029172373,,0.0,0.0,0.0,,-0.09353303738097773,-0.32412513295907414,0.6316336963279767
1680168940047824929,,0.0,0.0,0.0,,-0.09449780160124203,-0.3230690149586609,0.5460292279129143
1680168940067548327,,0.0,0.0,0.0,,-0.121394232779106,-0.32853188563420177,0.46502659945114816
1680168940083695921,,0.0,0.0,0.0,,-0.12170500638634157,-0.3301459447124404,0.40614524616376074
1680168940101652185,,0.0,0.0,0.0,,-0.13699609239070762,-0.3355374185668134,0.3377050431329405
1680168940118832683,,0.0,0.0,0.0,,-0.14696219216340248,-0.34229642435907,0.2872179923354987
1680168940135939220,,0.0,0.0,0.0,,-0.15445064081467522,-0.3516108813962633,0.24159574377439852
1680168940156582940,,0.0,0.0,0.0,,-0.17061727169327226,-0.3652727538401697,0.20244680699917794
1680168940175670493,,0.0,0.0,0.0,,-0.1711538684299414,-0.37503138661682545,0.17662869193652975
1680168940193044597,,0.0,0.0,0.0,,-0.18684836248216133,-0.3888952832497762,0.1588719076417891
1680168940209326511,,0.0,0.0,0.0,,-0.19565290320913087,-0.4023634557976893,0.14803752007085635
1680168940227548349,,0.0,0.0,0.0,,-0.20093648141895887,-0.4151815864356876,0.14409991601434402
1680168940245524988,,0.0,0.0,0.0,,-0.2106212627752138,-0.4286673680650546,0.14728790680944748
1680168940260495672,,0.0,0.0,0.0,,-0.21379388564468474,-0.44006908822392155,0.15395246389208742
1680168940278045439,,0.0,0.0,0.0,,-0.219088562911914,-0.45637573798050385,0.1669127478421866
1680168940296532761,,0.0,0.0,0.0,,-0.2234752519063547,-0.4691814889006315,0.18375940943002306
1680168940314738239,,0.0,0.0,0.0,,-0.22662695732149246,-0.4812824496757785,0.204608561871487
1680168940335082335,,0.0,0.0,0.0,,-0.22729247387874557,-0.4935077412381608,0.23416620550471715
1680168940356138972,,0.0,0.0,0.0,,-0.2289859339060856,-0.505011380626049,0.27016984016714685
1680168940371501606,,0.0,0.0,0.0,,-0.2325713563335192,-0.5141305369416623,0.30779735230474714
1680168940387547088,,0.0,0.0,0.0,,-0.2297632948109977,-0.5192542460362297,0.342301760444359
1680168940403567777,,0.0,0.0,0.0,,-0.22403191232371072,-0.5241438077083126,0.37655515913197296
1680168940422302129,,0.0,0.0,0.0,,-0.22070646397156077,-0.5305656796320055,0.42158318123528205
1680168940438573695,,0.0,0.0,0.0,,-0.22270344053014327,-0.5347824676708421,0.46240209926257075
1680168940455901396,,0.0,0.0,0.0,,-0.22668031817438317,-0.5387435505026263,0.5004343001084942
1680168940468233800,,0.0,0.0,0.0,,-0.22231710795521442,-0.5405377558202241,0.5414956898513184
1680168940489017771,,0.0,0.0,0.0,,-0.21765806516761946,-0.5409516225952445,0.6007629488268116
1680168940508162666,,0.0,0.0,0.0,,-0.21607303439335337,-0.5392515458221461,0.6574876698837674
1680168940525082640,,0.0,0.0,0.0,,-0.21497678903156633,-0.5375627815498605,0.712151381358672
1680168940539572785,,0.0,0.0,0.0,,-0.2124756591348723,-0.5354076434233098,0.7671344041772746
1680168940558724924,,0.0,0.0,0.0,,-0.2034440146179998,-0.5291925981654214,0.842321126560775
1680168940575942349,,0.0,0.0,0.0,,-0.20275587305912102,-0.5235931237064803,0.9152487638762936
1680168940592081718,,0.0,0.0,0.0,,-0.201405203150751,-0.5193441057124977,0.9794696175473385
1680168940608451129,,0.0,0.0,0.0,,-0.19115308920656185,-0.5111922749380875,1.0540843115878504
1680168940627629253,,0.0,0.0,0.0,,-0.18397327972840907,-0.5025232707774603,1.1353413645961996
1680168940643917949,,0.0,0.0,0.0,,-0.18153234087377576,-0.4935837270926772,1.214556191042715
1680168940661822310,,0.0,0.0,0.0,,-0.1752626541025272,-0.4830452788118765,1.3013286218058493
1680168940681404866,,0.0,0.0,0.0,,-0.16275700461905698,-0.4689411516192117,1.3989636146702429
1680168940696035683,,0.0,0.0,0.0,,-0.1576224099104999,-0.4594539121403582,1.4743099927255923
1680168940715246767,,0.0,0.0,0.0,,-0.15356741197762794,-0.4491527062115096,1.5610773008468493
1680168940732497791,,0.0,0.0,0.0,,-0.14510310004868965,-0.43694363634840605,1.6543682933991146
1680168940748295421,,0.0,0.0,0.0,,-0.13603517015185146,-0.42601319924227,1.745331045218052
1680168940766882530,,0.0,0.0,0.0,,-0.12949995977661863,-0.4138296358668482,1.844572840084691
1680168940784449289,,0.0,0.0,0.0,,-0.12509363398831416,-0.4031260891072035,1.940268059224801
1680168940799751724,,0.0,0.0,0.0,,-0.12480207028811924,-0.3920860488092299,2.0244919756538744
1680168940819700314,,0.0,0.0,0.0,,-0.10830417523477656,-0.3700476964002433,2.1283697614196595
1680168940836070626,,0.0,0.0,0.0,,-0.1117004867995654,-0.35158612196052197,2.2180416074854645
1680168940854259014,,0.0,0.0,0.0,,-0.09466087236767609,-0.3309070839180737,2.2900668060568954
1680168940868990531,,0.0,0.0,0.0,,-0.0890660936637894,-0.3134719588445583,2.3477460460503603
1680168940888480702,,0.0,0.0,0.0,,-0.08453725135724782,-0.2897080231747915,2.412770300722528
1680168940905819292,,0.0,0.0,0.0,,-0.07273255003735016,-0.2692746584990521,2.457740266217892
1680168940927246832,,0.0,0.0,0.0,,-0.0737096939754851,-0.24967628444934672,2.4947180566106946
1680168940943994859,,0.0,0.0,0.0,,-0.05868157025416455,-0.2310771457308731,2.5159676288922506
1680168940961761233,,0.0,0.0,0.0,,-0.05661244982247381,-0.21436217872797098,2.5332087339046554
1680168940979846035,,0.0,0.0,0.0,,-0.04868046576197338,-0.19879809860021597,2.544256564887151
1680168940996397711,,0.0,0.0,0.0,,-0.043177040838235606,-0.18385556568693215,2.550289329471565
1680168941014789059,,0.0,0.0,0.0,,-0.03859014192374892,-0.1720300536344071,2.549644730368645
1680168941034637729,,0.0,0.0,0.0,,-0.028310707222879726,-0.15792528611150763,2.541965890194258
1680168941056170539,,0.0,0.0,0.0,,-0.026170723578550107,-0.14744980363711793,2.5276515212412036
1680168941073058194,,0.0,0.0,0.0,,-0.01988951086307713,-0.13921835847019476,2.509473826538861
1680168941088628221,,0.0,0.0,0.0,,-0.015270595436856008,-0.13210012741627786,2.4888705609075177
1680168941108378746,,0.0,0.0,0.0,,-0.012257201352411007,-0.12706072846927782,2.4588074832757063
1680168941124094574,,0.0,0.0,0.0,,-0.01119766825741278,-0.12483899599831962,2.4328467880141345
1680168941143121239,,0.0,0.0,0.0,,-0.007026557108650617,-0.12259346458697215,2.3966937429636106
1680168941156937823,,0.0,0.0,0.0,,-0.004624038068098632,-0.12257137319387539,2.3644023161150827
1680168941174127986,,0.0,0.0,0.0,,-0.005548674926989109,-0.12443142580394026,2.325191907637332
1680168941188783685,,0.0,0.0,0.0,,-0.005788585321585806,-0.126917081053296,2.2871050652780482
1680168941208267014,,0.0,0.0,0.0,,-0.004710269206370043,-0.13125147641190377,2.232137410385078
1680168941228296166,,0.0,0.0,0.0,,-0.0054120711435888536,-0.13677026926127409,2.17354548636377
1680168941245226547,,0.0,0.0,0.0,,-0.007620783566441727,-0.1426801971623334,2.1288726340973017
1680168941264537869,,0.0,0.0,0.0,,-0.01487529823864152,-0.15127919188396788,2.0790592107067525
1680168941282656267,,0.0,0.0,0.0,,-0.010873234271837173,-0.15977306572540764,2.040925410796925
1680168941299404663,,0.0,0.0,0.0,,-0.010198326204475288,-0.17008579759848066,2.0053051205016623
1680168941316671544,,0.0,0.0,0.0,,-0.009809432308607688,-0.18062221816687157,1.9649651694899208
1680168941333486409,,0.0,0.0,0.0,,-0.019629963674616648,-0.19352060352761752,1.9252459119190042
1680168941354949815,,0.0,0.0,0.0,,-0.021965034597114755,-0.20787702083274964,1.8819322672973684
1680168941371915359,,0.0,0.0,0.0,,-0.008263675122069178,-0.21681784517800212,1.845923509993061
1680168941389347343,,0.0,0.0,0.0,,-0.012330198999165518,-0.2288132581861312,1.811035757486282
1680168941404309388,,0.0,0.0,0.0,,-0.009983602132443013,-0.23808118455960384,1.7766269719950505
1680168941421164786,,0.0,0.0,0.0,,-0.005100016875883896,-0.24907031860391968,1.732588473547747
1680168941438393919,,0.0,0.0,0.0,,-0.005071415458734467,-0.26111493031841404,1.6881358948820115
1680168941458034689,,0.0,0.0,0.0,,-0.006670533498163703,-0.2735931523234984,1.6378554573069626
1680168941476272639,,0.0,0.0,0.0,,-0.007857278866453418,-0.2880839322562094,1.5795375946261012
1680168941494052843,,0.0,0.0,0.0,,-0.006880134928318469,-0.30095585063392155,1.526676199318434
1680168941512949397,,0.0,0.0,0.0,,-0.013769661366745706,-0.31679132405947874,1.468268690404716
1680168941531847724,,0.0,0.0,0.0,,-0.01664943987555233,-0.33235412352676436,1.3996987137796655
1680168941551899997,,0.0,0.0,0.0,,-0.020636562803547275,-0.34861040063821785,1.327851100126655
1680168941571793927,,0.0,0.0,0.0,,-0.022475591237573207,-0.36471054389411306,1.254952491115109
1680168941586519291,,0.0,0.0,0.0,,-0.027946145875930296,-0.37834562918986836,1.2021628127937267
1680168941603836020,,0.0,0.0,0.0,,-0.027804419450652533,-0.3918844515070088,1.146935610712296
1680168941622652471,,0.0,0.0,0.0,,-0.03738888240347293,-0.40838298689058616,1.106427466292243
1680168941639519609,,0.0,0.0,0.0,,-0.019666675941405466,-0.4169234981174524,1.0849994553186206
1680168941656010989,,0.0,0.0,0.0,,-0.01314256462357391,-0.4286022678245279,1.074264105490653
1680168941669354109,,0.0,0.0,0.0,,-0.011038012585563731,-0.44013973799314887,1.0672802370643149
1680168941685911976,,0.0,0.0,0.0,,-0.01100471541335992,-0.4536859241079882,1.0654497463667516
1680168941703578008,,0.0,0.0,0.0,,-0.006410559422880093,-0.4651673653810739,1.0710914826211821
1680168941723397796,,0.0,0.0,0.0,,-0.0024968610284627863,-0.4796803434285874,1.0845264647185973
1680168941737840325,,0.0,0.0,0.0,,-0.003113285601056437,-0.49008570974227866,1.1004015318969993
1680168941755728502,,0.0,0.0,0.0,,-0.004569823441561656,-0.49838972566913325,1.1184144482856153
1680168941773126566,,0.0,0.0,0.0,,-0.007300618449097379,-0.5109299529852767,1.1516484412396049
1680168941788596045,,0.0,0.0,0.0,,0.0008200495872246559,-0.5181492494945685,1.1800261696937155
1680168941805715613,,0.0,0.0,0.0,,-0.006496790561151503,-0.5285061641538351,1.2187550498349802
1680168941823841303,,0.0,0.0,0.0,,-0.01753224182577648,-0.537284664784594,1.260330411312848
1680168941843215909,,0.0,0.0,0.0,,-0.01712798000427635,-0.5440659754133588,1.31098821683954
1680168941862309333,,0.0,0.0,0.0,,-0.023043350712330518,-0.5501670418894727,1.373910480794636
1680168941878576523,,0.0,0.0,0.0,,-0.034777615706412426,-0.5562602109593587,1.4320524661043696
1680168941896088700,,0.0,0.0,0.0,,-0.0445703994289182,-0.5595092465701692,1.4971646594621013
1680168941914907054,,0.0,0.0,0.0,,-0.05052888570610808,-0.5610754943242178,1.5633483387458786
1680168941928349452,,0.0,0.0,0.0,,-0.05655866208275996,-0.5606953516082243,1.6244537723817514
1680168941948251046,,0.0,0.0,0.0,,-0.06874841531711709,-0.5595284564772098,1.7102383870361728
1680168941968133957,,0.0,0.0,0.0,,-0.07858388772193546,-0.5555917061943437,1.800888657700582
1680168941983785449,,0.0,0.0,0.0,,-0.08518142357334464,-0.5510752436056728,1.8722692571690929
1680168941999603058,,0.0,0.0,0.0,,-0.09199496415725548,-0.5446021452632048,1.9463870549474862
1680168942018797827,,0.0,0.0,0.0,,-0.10411214663168124,-0.5337009499044529,2.047735109399428
1680168942038863824,,0.0,0.0,0.0,,-0.11369660958450163,-0.5209639277628485,2.1547872255819764
1680168942057720601,,0.0,0.0,0.0,,-0.12017120203085059,-0.506487555260418,2.2548742563584043
1680168942073000578,,0.0,0.0,0.0,,-0.12849037243992611,-0.49445863163667353,2.339910111525063
1680168942091665605,,0.0,0.0,0.0,,-0.13606633288993963,-0.4755758266242328,2.456270921772693
1680168942108650684,,0.0,0.0,0.0,,-0.14190614463030055,-0.45962327948743337,2.558359197975935
1680168942126205857,,0.0,0.0,0.0,,-0.14315393481429725,-0.44158496333284125,2.669169625749283
1680168942144089223,,0.0,0.0,0.0,,-0.14913120411170466,-0.42363138421263963,2.7764693362892445
1680168942163780734,,0.0,0.0,0.0,,-0.15417529881375908,-0.4031286504281423,2.908031586308384
1680168942179611461,,0.0,0.0,0.0,,-0.1553906455991982,-0.38664868462137086,3.010157428552061
1680168942196315170,,0.0,0.0,0.0,,-0.15679553013410522,-0.3671689851084945,3.135510182842012
1680168942215785298,,0.0,0.0,0.0,,-0.15819443825348845,-0.3455509027768752,3.2777104524934466
1680168942237171522,,0.0,0.0,0.0,,-0.15791568115798732,-0.3259108005402094,3.4241608073559213
1680168942256865217,,0.0,0.0,0.0,,-0.1544292964735189,-0.3074808157253993,3.575043954989734
1680168942274238066,,0.0,0.0,0.0,,-0.15361565018864115,-0.29252953163224144,3.7050702662192667
1680168942296451380,,0.0,0.0,0.0,,-0.15046437166032653,-0.27360457154601703,3.885622901833969
1680168942314129242,,0.0,0.0,0.0,,-0.14368156692768072,-0.25928187829991184,4.022078128619776
1680168942328502236,,0.0,0.0,0.0,,-0.14018194875169546,-0.24922687934630106,4.1446484345965935
1680168942351997130,,0.0,0.0,0.0,,-0.1306230990082626,-0.23333206865232936,4.3330370047365925
1680168942368338575,,0.0,0.0,0.0,,-0.1191535038445187,-0.21963882002692317,4.468208155958438
1680168942385567427,,0.0,0.0,0.0,,-0.12409173061443791,-0.21150000930061827,4.610899345456467
1680168942404459167,,0.0,0.0,0.0,,-0.10379625038256815,-0.2027662250645818,4.73855899613859
1680168942421808604,,0.0,0.0,0.0,,-0.11082622258580377,-0.19642108604734576,4.868941330978609
1680168942441773902,,0.0,0.0,0.0,,-0.09426514828263848,-0.18720417264923667,5.000780203659135
1680168942458171857,,0.0,0.0,0.0,,-0.09795601175538413,-0.1830664653943841,5.092514766854284
1680168942477100602,,0.0,0.0,0.0,,-0.07856851979630293,-0.1729331327087297,5.19735560929304
1680168942496273922,,0.0,0.0,0.0,,-0.07096139660820122,-0.1673097525876936,5.288448134706208
1680168942513958154,,0.0,0.0,0.0,,-0.06135473554057829,-0.16090282170281006,5.353689247884524
1680168942533087175,,0.0,0.0,0.0,,-0.049849708770514936,-0.15265088596837686,5.414715280571294
1680168942552063204,,0.0,0.0,0.0,,-0.038098795190331124,-0.14703305537604136,5.457235769475563
1680168942568878762,,0.0,0.0,0.0,,-0.023934263512194055,-0.14098438925746618,5.489207031206746
1680168942584846863,,0.0,0.0,0.0,,-0.01771324183878182,-0.1378810287750474,5.514605943409085
1680168942601059439,,0.0,0.0,0.0,,-0.004907064031831036,-0.13166651712568783,5.529828727521751
1680168942618503163,,0.0,0.0,0.0,,0.0037493469675138743,-0.1290818241333669,5.541895964237871
1680168942637366582,,0.0,0.0,0.0,,0.011630531496062338,-0.12630460518381625,5.547658082576423
1680168942656419879,,0.0,0.0,0.0,,0.024996784814954164,-0.12310967747783702,5.545111275789655
1680168942673862131,,0.0,0.0,0.0,,0.0291807025684101,-0.1218844055737602,5.539508813122952
1680168942690998970,,0.0,0.0,0.0,,0.036507361113718155,-0.12010973032832048,5.526603170686212
1680168942709431282,,0.0,0.0,0.0,,0.03992971277471767,-0.12006597442895009,5.5079055278333025
1680168942725789426,,0.0,0.0,0.0,,0.04519450796432812,-0.11952820375351736,5.480122025836983
1680168942744382505,,0.0,0.0,0.0,,0.046542189664936263,-0.12123884597548822,5.447628254634294
1680168942762244082,,0.0,0.0,0.0,,0.047977810051108315,-0.12417977602170761,5.406933133785712
1680168942777817502,,0.0,0.0,0.0,,0.052118612235428546,-0.1256727059638843,5.364223960905622
1680168942795944651,,0.0,0.0,0.0,,0.04824034544733068,-0.13059364381746694,5.313821433699159
1680168942813388556,,0.0,0.0,0.0,,0.04582544668890805,-0.13529921726878258,5.261741241277812
1680168942831928951,,0.0,0.0,0.0,,0.04386817060487627,-0.14034982199488966,5.201526293554979
1680168942848906297,,0.0,0.0,0.0,,0.041253488813230765,-0.1462682876324115,5.140243275000686
1680168942865852276,,0.0,0.0,0.0,,0.034739195892331105,-0.15369846623232755,5.070758053026854
1680168942883323180,,0.0,0.0,0.0,,0.02842511289147744,-0.16120046854023454,5.000255986640336
1680168942901384753,,0.0,0.0,0.0,,0.02447427534344819,-0.17064597983212748,4.919833924258021
1680168942917745431,,0.0,0.0,0.0,,0.014229845362075316,-0.181477059030181,4.840599461017642
1680168942936087694,,0.0,0.0,0.0,,0.005594351817063569,-0.19230547018558994,4.751218751765209
1680168942955957522,,0.0,0.0,0.0,,-0.0018804364558691355,-0.20314690138910424,4.661137094349203
1680168942975178927,,0.0,0.0,0.0,,-0.014188864227055238,-0.21732210523781945,4.551626963839096
1680168942991909484,,0.0,0.0,0.0,,-0.024363284769435483,-0.23059892576726643,4.448340843210163
1680168943008894493,,0.0,0.0,0.0,,-0.03362886326538091,-0.24446634421650795,4.348789982283581
1680168943028449686,,0.0,0.0,0.0,,-0.043277359241670164,-0.25992626395942026,4.2271571197703475
1680168943045958857,,0.0,0.0,0.0,,-0.05371730338803466,-0.2748813900339863,4.114642559799082
1680168943066095051,,0.0,0.0,0.0,,-0.06358308475729495,-0.2908995710198414,3.9858098241270086
1680168943081174411,,0.0,0.0,0.0,,-0.07132851927608941,-0.3027776968733166,3.888018590685351
1680168943097681605,,0.0,0.0,0.0,,-0.07975910714600078,-0.31638343369998206,3.7735181532129034
1680168943116853838,,0.0,0.0,0.0,,-0.08768298035686181,-0.33000507206080887,3.6509085736483584
1680168943131959455,,0.0,0.0,0.0,,-0.09506385352870685,-0.341183530411181,3.546168476499859
1680168943151743554,,0.0,0.0,0.0,,-0.10414373625659255,-0.35461637807448043,3.4036753624877605
1680168943172103715,,0.0,0.0,0.0,,-0.11192844436311458,-0.3674157256922612,3.259729979503388
1680168943187835042,,0.0,0.0,0.0,,-0.11657425365919263,-0.3784735885151003,3.135024385637295
1680168943205726652,,0.0,0.0,0.0,,-0.12262494749017767,-0.3889541936313675,3.0024171166751437
1680168943223804664,,0.0,0.0,0.0,,-0.12556320949375252,-0.39865124798378737,2.8754823198186883
1680168943241628123,,0.0,0.0,0.0,,-0.12893903049103134,-0.40808331234075185,2.7401054091480965
1680168943262101846,,0.0,0.0,0.0,,-0.12951063194719678,-0.41758175759871236,2.5882873793716383
1680168943276070314,,0.0,0.0,0.0,,-0.1302854315311701,-0.423754754504523,2.4731688097793048
1680168943297122714,,0.0,0.0,0.0,,-0.13125275707237316,-0.43049721843238337,2.341986489032747
1680168943312504611,,0.0,0.0,0.0,,-0.12824491251662878,-0.4365373468144961,2.201489497805585
1680168943331599977,,0.0,0.0,0.0,,-0.12615444774378176,-0.4426841969023902,2.045225868653094
1680168943348032719,,0.0,0.0,0.0,,-0.12186594271866001,-0.4473197609147132,1.9095595287164235
1680168943368558013,,0.0,0.0,0.0,,-0.11735246833775095,-0.45191498412225084,1.75097790411436
1680168943384047892,,0.0,0.0,0.0,,-0.11190795379560455,-0.45455794716592846,1.6302304048722898
1680168943401324230,,0.0,0.0,0.0,,-0.10482163253171631,-0.4569505410878428,1.484737130267263
1680168943420425508,,0.0,0.0,0.0,,-0.09667705883329923,-0.4592594651924244,1.32304862336649
1680168943439050920,,0.0,0.0,0.0,,-0.08801424453160743,-0.46017513742802924,1.184581905870114
1680168943458172754,,0.0,0.0,0.0,,-0.07910084766474079,-0.4605792925278236,1.021987545130668
1680168943476032188,,0.0,0.0,0.0,,-0.06757447655352115,-0.4597765318569355,0.8768938365920871
1680168943493778480,,0.0,0.0,0.0,,-0.06335555408056891,-0.46005037975397073,0.7428735722453893
1680168943513048818,,0.0,0.0,0.0,,-0.04786553881662623,-0.4628658050741911,0.6097787985312284
1680168943528268988,,0.0,0.0,0.0,,-0.03716433993450875,-0.46492051807560136,0.48914228986317065
1680168943548076538,,0.0,0.0,0.0,,-0.030221452643190795,-0.4693599275926981,0.3584124691491266
1680168943568829246,,0.0,0.0,0.0,,-0.013561767483883443,-0.47347234180328046,0.2401374983866008
1680168943584176381,,0.0,0.0,0.0,,-0.012797640070488267,-0.47809147067291313,0.16352155891927528
1680168943603334109,,0.0,0.0,0.0,,-0.0005784316453354548,-0.48433394340918745,0.07353552415164978
1680168943620331713,,0.0,0.0,0.0,,0.0025007030098709183,-0.48937003398330825,0.007414170344048841
1680168943639110177,,0.0,0.0,0.0,,0.009230573776449107,-0.49366398181542487,-0.046269408984958876
1680168943657977238,,0.0,0.0,0.0,,0.016508140337097695,-0.49721258525436385,-0.10062576194721286
1680168943676012133,,0.0,0.0,0.0,,0.015768772359443812,-0.5003558596547448,-0.13865284015125884
1680168943695030363,,0.0,0.0,0.0,,0.022382529910131784,-0.5017146404127543,-0.1740895691125775
1680168943715241299,,0.0,0.0,0.0,,0.02353384367210206,-0.5020115401982382,-0.20115590124604554
1680168943733432832,,0.0,0.0,0.0,,0.021282442566936607,-0.5018093025657824,-0.21802988359056202
1680168943754149006,,0.0,0.0,0.0,,0.01878558153847382,-0.5000267299141149,-0.23046765806915526
1680168943772507365,,0.0,0.0,0.0,,0.016256277111453474,-0.4983293211836609,-0.2360069414860356
1680168943789162751,,0.0,0.0,0.0,,0.01083310691046335,-0.4944456115885682,-0.2349807055632412
1680168943806177325,,0.0,0.0,0.0,,0.005798830605340826,-0.49031804289576486,-0.22780046919826527
1680168943821997830,,0.0,0.0,0.0,,0.0020298468439631646,-0.4866733899216226,-0.21907319498628147
1680168943841735106,,0.0,0.0,0.0,,-0.006510450939491529,-0.4812971772711763,-0.20111150501644046
1680168943861133961,,0.0,0.0,0.0,,-0.012773307521570096,-0.47442856828708224,-0.17895095625433408
1680168943877902760,,0.0,0.0,0.0,,-0.021388310499071805,-0.46855268461016725,-0.15473793564663887
1680168943895192602,,0.0,0.0,0.0,,-0.029584537503087104,-0.4618280432071723,-0.12537153731016906
1680168943911018898,,0.0,0.0,0.0,,-0.03552979028876008,-0.45586880987804196,-0.09732165793621919
1680168943930665844,,0.0,0.0,0.0,,-0.046579328818548205,-0.44953509008332454,-0.061285579875231914
1680168943948171249,,0.0,0.0,0.0,,-0.058302067868405714,-0.44219754592402677,-0.014322906689516739
1680168943968372318,,0.0,0.0,0.0,,-0.07121027162608357,-0.43544771819846745,0.036030955419109764
1680168943984059086,,0.0,0.0,0.0,,-0.08108416384498325,-0.43032176794807864,0.07757728859300482
1680168944001401141,,0.0,0.0,0.0,,-0.09032028715013299,-0.422441650636588,0.13009973576311037
1680168944019250151,,0.0,0.0,0.0,,-0.10144879974219939,-0.41616726811028504,0.18342985280256993
